-- phpMyAdmin SQL Dump
-- version 4.0.10deb1
-- http://www.phpmyadmin.net
--
-- Client: localhost
-- Généré le: Sam 28 Février 2015 à 09:37
-- Version du serveur: 5.5.40-0ubuntu0.14.04.1
-- Version de PHP: 5.5.9-1ubuntu4.5

SET SQL_MODE = "NO_AUTO_VALUE_ON_ZERO";
SET time_zone = "+00:00";


/*!40101 SET @OLD_CHARACTER_SET_CLIENT=@@CHARACTER_SET_CLIENT */;
/*!40101 SET @OLD_CHARACTER_SET_RESULTS=@@CHARACTER_SET_RESULTS */;
/*!40101 SET @OLD_COLLATION_CONNECTION=@@COLLATION_CONNECTION */;
/*!40101 SET NAMES utf8 */;

--
-- Base de données: `phpmyreservation`
--

-- --------------------------------------------------------

--
-- Structure de la table `phpmyreservation_config`
--

CREATE TABLE IF NOT EXISTS `phpmyreservation_config` (
  `config_id` int(11) NOT NULL AUTO_INCREMENT,
  `location_id` int(11) NOT NULL,
  `config_key` varchar(100) NOT NULL,
  `config_value` varchar(200) NOT NULL,
  PRIMARY KEY (`config_id`)
) ENGINE=InnoDB  DEFAULT CHARSET=latin1 AUTO_INCREMENT=4 ;

--
-- Contenu de la table `phpmyreservation_config`
--

INSERT INTO `phpmyreservation_config` (`config_id`, `location_id`, `config_key`, `config_value`) VALUES
(1, 0, 'times', '8h-9h;9h-10h;10h-11h;11h-12h;13h-14h;14h-15h;15h-16h;16h-17h'),
(2, 0, 'days', '1;2;4;5'),
(3, 0, 'max_places', '20'),
(4, 1, 'times', '8h-9h;9h-10h;10h-11h;11h-12h;13h-14h;14h-15h;15h-16h;16h-17h'),
(5, 1, 'days', '1;2;4;5'),
(6, 1, 'max_places', '10');

-- --------------------------------------------------------

--
-- Structure de la table `phpmyreservation_groups`
--

CREATE TABLE IF NOT EXISTS `phpmyreservation_groups` (
  `group_id` int(11) NOT NULL AUTO_INCREMENT,
  `group_name` varchar(100) NOT NULL,
  PRIMARY KEY (`group_id`),
  KEY `group_id` (`group_id`)
) ENGINE=InnoDB  DEFAULT CHARSET=latin1 AUTO_INCREMENT=24 ;

--
-- Contenu de la table `phpmyreservation_groups`
--

INSERT INTO `phpmyreservation_groups` (`group_id`, `group_name`) VALUES
(1, '6e1'),
(2, '6e2'),
(3, '6e3'),
(4, '6e4'),
(5, '6e5'),
(6, '5e1'),
(7, '5e2'),
(8, '5e3'),
(9, '5e4'),
(10, '5e5'),
(11, '4e1'),
(12, '4e2'),
(13, '4e3'),
(15, '4e5'),
(16, '4e6'),
(17, '3e1'),
(18, '3e2'),
(19, '3e3'),
(20, '3e4'),
(21, '3e5'),
(22, 'adm'),
(23, '4e4');

-- --------------------------------------------------------

--
-- Structure de la table `phpmyreservation_locations`
--

CREATE TABLE IF NOT EXISTS `phpmyreservation_locations` (
  `location_id` int(11) NOT NULL AUTO_INCREMENT,
  `location_name` varchar(100) NOT NULL,
  PRIMARY KEY (`location_id`)
) ENGINE=InnoDB  DEFAULT CHARSET=latin1 AUTO_INCREMENT=3 ;

--
-- Contenu de la table `phpmyreservation_locations`
--

INSERT INTO `phpmyreservation_locations` (`location_id`, `location_name`) VALUES
(0, 'CDI'),
(1, 'Autonomie');

-- --------------------------------------------------------

--
-- Structure de la table `phpmyreservation_occupancy`
--

CREATE TABLE IF NOT EXISTS `phpmyreservation_occupancy` (
  `occupancy_id` int(11) NOT NULL AUTO_INCREMENT,
  `occupancy_made_time` datetime NOT NULL,
  `occupancy_year` smallint(4) NOT NULL,
  `occupancy_month` smallint(2) NOT NULL,
  `occupancy_day` smallint(2) NOT NULL,
  `occupancy_time` varchar(100) NOT NULL DEFAULT '',
  `occupancy_user_name` varchar(100) NOT NULL DEFAULT '',
  `occupancy_user_group` varchar(100) NOT NULL DEFAULT '',
  `occupancy_status` tinyint(4) NOT NULL DEFAULT '1',
  `occupancy_location` int(11) NOT NULL DEFAULT '0',
  PRIMARY KEY (`occupancy_id`)
) ENGINE=InnoDB  DEFAULT CHARSET=latin1 AUTO_INCREMENT=401 ;

--
-- Contenu de la table `phpmyreservation_occupancy`
--

INSERT INTO `phpmyreservation_occupancy` (`occupancy_id`, `occupancy_made_time`, `occupancy_year`, `occupancy_month`, `occupancy_day`, `occupancy_time`, `occupancy_user_name`, `occupancy_user_group`, `occupancy_status`, `occupancy_location`) VALUES
(1, '2015-02-10 18:16:06', 2015, 2, 10, '8h-9h', 'beyer_louis', '4e2', 1, 0),
(2, '2015-02-10 18:20:52', 2015, 2, 10, '8h-9h', 'akkulak_yeliz', '4e3', 1, 0),
(3, '2015-02-10 18:20:57', 2015, 2, 10, '8h-9h', 'alessi_oceane', '4e3', 1, 0),
(4, '2015-02-10 18:41:34', 2015, 2, 10, '8h-9h', 'berko_stephane', '3e1', 1, 0),
(5, '2015-02-10 20:48:36', 2015, 2, 10, '8h-9h', 'riboulot_dylan', '3e1', 1, 0),
(6, '2015-02-11 14:33:25', 2015, 2, 10, '8h-9h', 'about_chloe', '6e4', 0, 0),
(7, '2015-02-11 14:33:29', 2015, 2, 10, '8h-9h', 'boussedour_lena', '6e3', 1, 0),
(8, '2015-02-11 14:33:31', 2015, 2, 10, '8h-9h', 'briot_anthony', '6e5', 0, 0),
(9, '2015-02-11 17:32:19', 2015, 2, 10, '8h-9h', 'dubusse_laura', '3e5', 1, 0),
(10, '2015-02-11 17:32:28', 2015, 2, 10, '8h-9h', 'yaprak_taylan', '4e3', 0, 0),
(12, '2015-02-11 17:33:00', 2015, 2, 10, '8h-9h', 'dettori_matthias', '4e5', 0, 0),
(13, '2015-02-11 18:25:38', 2015, 2, 12, '8h-9h', 'alexandre_amandine', '6e4', 1, 0),
(14, '2015-02-11 18:25:39', 2015, 2, 12, '8h-9h', 'clivio_jessica', '6e5', 1, 0),
(15, '2015-02-11 18:25:40', 2015, 2, 12, '8h-9h', 'osmani_muhamed', '6e5', 0, 0),
(16, '2015-02-11 21:04:56', 2015, 2, 12, '8h-9h', 'vogel_clara', '4e1', 1, 0),
(17, '2015-02-11 21:04:59', 2015, 2, 12, '8h-9h', 'cetin_asuman', '4e5', 1, 0),
(18, '2015-02-11 21:06:49', 2015, 2, 12, '8h-9h', 'lenoir_logan', '4e5', 1, 0),
(19, '2015-02-23 10:45:58', 2015, 2, 23, '10h-11h', 'bauer_maxime', '6e4', 1, 0),
(20, '2015-02-23 10:46:28', 2015, 2, 23, '10h-11h', 'collin_theo', '6e2', 1, 0),
(21, '2015-02-23 10:46:36', 2015, 2, 23, '10h-11h', 'houpin_mateo', '6e2', 1, 0),
(22, '2015-02-23 10:46:45', 2015, 2, 23, '10h-11h', 'molineris_theo', '6e1', 1, 0),
(23, '2015-02-23 10:46:50', 2015, 2, 23, '10h-11h', 'barbier_louis', '6e1', 1, 0),
(24, '2015-02-23 10:46:59', 2015, 2, 23, '10h-11h', 'flauss_cassandra', '6e5', 1, 0),
(25, '2015-02-23 10:47:07', 2015, 2, 23, '10h-11h', 'gozdalski_baptiste', '6e1', 1, 0),
(26, '2015-02-23 10:47:14', 2015, 2, 23, '10h-11h', 'clivio_jessica', '6e5', 1, 0),
(27, '2015-02-23 10:47:19', 2015, 2, 23, '10h-11h', 'weissbeck_laura', '6e5', 1, 0),
(28, '2015-02-23 10:47:31', 2015, 2, 23, '10h-11h', 'canteneur_paul', '6e1', 1, 0),
(29, '2015-02-23 10:47:38', 2015, 2, 23, '10h-11h', 'mehira_rayan', '6e2', 1, 0),
(30, '2015-02-23 10:47:43', 2015, 2, 23, '10h-11h', 'hehn_ryan', '6e2', 1, 0),
(31, '2015-02-23 10:47:49', 2015, 2, 23, '10h-11h', 'delahaye_floran', '6e2', 1, 0),
(32, '2015-02-23 10:48:01', 2015, 2, 23, '10h-11h', 'mater_hugo', '6e1', 1, 0),
(33, '2015-02-23 10:48:04', 2015, 2, 23, '10h-11h', 'houpert_kevin', '6e1', 1, 0),
(34, '2015-02-23 10:48:12', 2015, 2, 23, '10h-11h', 'hollard_etienne', '6e4', 1, 0),
(35, '2015-02-23 10:48:37', 2015, 2, 23, '10h-11h', 'cardia_hugo', '6e4', 1, 0),
(36, '2015-02-23 11:11:54', 2015, 2, 23, '11h-12h', 'loyer_pauline', '3e2', 1, 0),
(37, '2015-02-23 11:12:03', 2015, 2, 23, '11h-12h', 'blameble_alison', '3e2', 1, 0),
(38, '2015-02-23 11:12:08', 2015, 2, 23, '11h-12h', 'galliot_salome', '3e2', 1, 0),
(39, '2015-02-23 11:12:12', 2015, 2, 23, '11h-12h', 'erbs_anais', '3e2', 1, 0),
(40, '2015-02-23 11:12:27', 2015, 2, 23, '11h-12h', 'foltz_manon', '6e3', 1, 0),
(41, '2015-02-23 11:12:32', 2015, 2, 23, '11h-12h', 'vington_lucas', '6e3', 1, 0),
(42, '2015-02-23 11:12:36', 2015, 2, 23, '11h-12h', 'kruse_katleen', '6e3', 1, 0),
(43, '2015-02-23 11:12:42', 2015, 2, 23, '11h-12h', 'mouton_clara', '6e3', 1, 0),
(44, '2015-02-23 11:12:48', 2015, 2, 23, '11h-12h', 'friedrich_tom', '6e3', 1, 0),
(45, '2015-02-23 11:12:52', 2015, 2, 23, '11h-12h', 'schmitt_alara', '6e3', 1, 0),
(46, '2015-02-23 11:12:56', 2015, 2, 23, '11h-12h', 'schroeder_thomas', '6e3', 1, 0),
(47, '2015-02-23 11:13:02', 2015, 2, 23, '11h-12h', 'dufrenne_julie', '6e3', 1, 0),
(48, '2015-02-23 11:13:08', 2015, 2, 23, '11h-12h', 'bauer_maxime', '6e4', 1, 0),
(49, '2015-02-23 11:14:29', 2015, 2, 23, '11h-12h', 'walter_olivia', '6e3', 1, 0),
(50, '2015-02-23 13:52:32', 2015, 2, 23, '14h-15h', 'molineris_theo', '6e1', 1, 0),
(51, '2015-02-23 13:52:35', 2015, 2, 23, '14h-15h', 'even_julien', '5e3', 1, 0),
(52, '2015-02-23 13:52:39', 2015, 2, 23, '14h-15h', 'kiffeurt_thibauld', '5e3', 1, 0),
(53, '2015-02-23 13:52:41', 2015, 2, 23, '14h-15h', 'vington_lucas', '6e3', 1, 0),
(54, '2015-02-23 13:54:43', 2015, 2, 23, '14h-15h', 'gozdalski_baptiste', '6e1', 1, 0),
(55, '2015-02-23 13:54:46', 2015, 2, 23, '14h-15h', 'remy_fanny', '6e1', 1, 0),
(56, '2015-02-23 13:54:50', 2015, 2, 23, '14h-15h', 'hehn_ryan', '6e2', 1, 0),
(57, '2015-02-23 13:55:02', 2015, 2, 23, '14h-15h', 'yasar_chimene', '6e1', 1, 0),
(58, '2015-02-23 13:56:24', 2015, 2, 23, '14h-15h', 'albert_lea', '6e1', 1, 0),
(59, '2015-02-23 13:56:27', 2015, 2, 23, '14h-15h', 'hesse_lesly', '6e3', 1, 0),
(60, '2015-02-23 13:56:30', 2015, 2, 23, '14h-15h', 'hoffart_lena', '6e2', 1, 0),
(61, '2015-02-23 13:56:33', 2015, 2, 23, '14h-15h', 'houpin_noemie', '6e2', 1, 0),
(62, '2015-02-23 13:56:38', 2015, 2, 23, '14h-15h', 'friedrich_tom', '6e3', 1, 0),
(63, '2015-02-23 13:56:40', 2015, 2, 23, '14h-15h', 'liabaud_chelsy', '6e1', 1, 0),
(64, '2015-02-23 13:56:42', 2015, 2, 23, '14h-15h', 'menager_camille', '6e1', 1, 0),
(65, '2015-02-23 13:56:45', 2015, 2, 23, '14h-15h', 'schorsch_noah', '6e1', 1, 0),
(66, '2015-02-23 13:57:57', 2015, 2, 23, '14h-15h', 'aiouaz_ryana', '5e3', 1, 0),
(67, '2015-02-23 13:57:58', 2015, 2, 23, '14h-15h', 'walter_romain', '5e3', 1, 0),
(68, '2015-02-23 14:05:38', 2015, 2, 23, '14h-15h', 'artoni_franck', '5e2', 1, 0),
(69, '2015-02-23 14:05:40', 2015, 2, 23, '14h-15h', 'vagne_nicolas', '5e2', 1, 0),
(70, '2015-02-23 14:05:51', 2015, 2, 23, '14h-15h', 'perseguers_guilhem', '6e3', 1, 0),
(71, '2015-02-23 14:05:59', 2015, 2, 23, '14h-15h', 'becker_alexis', '6e1', 1, 0),
(72, '2015-02-23 15:20:41', 2015, 2, 23, '15h-16h', 'ribouchon_cassandra', '5e4', 1, 0),
(73, '2015-02-23 15:20:45', 2015, 2, 23, '15h-16h', 'latarnik_benjamin', '4e1', 1, 0),
(74, '2015-02-23 15:21:21', 2015, 2, 23, '15h-16h', 'delahaye_anthony', '4e1', 1, 0),
(75, '2015-02-23 15:21:27', 2015, 2, 23, '15h-16h', 'leyendecker_justine', '3e1', 1, 0),
(76, '2015-02-23 15:21:45', 2015, 2, 23, '15h-16h', 'weber_yannis', '4e1', 1, 0),
(77, '2015-02-23 15:21:53', 2015, 2, 23, '15h-16h', 'albert_mickael', '5e4', 1, 0),
(78, '2015-02-23 15:22:03', 2015, 2, 23, '15h-16h', 'rosenberger_valentin', '5e4', 1, 0),
(79, '2015-02-23 15:22:07', 2015, 2, 23, '15h-16h', 'delles_benoit', '3e1', 1, 0),
(80, '2015-02-23 15:22:11', 2015, 2, 23, '15h-16h', 'ludmann_romain', '3e1', 1, 0),
(81, '2015-02-23 15:22:14', 2015, 2, 23, '15h-16h', 'hadji_amel', '5e4', 1, 0),
(82, '2015-02-23 15:22:16', 2015, 2, 23, '15h-16h', 'ackermann_emily', '5e4', 1, 0),
(83, '2015-02-23 15:22:19', 2015, 2, 23, '15h-16h', 'marande_cedric', '5e4', 1, 0),
(84, '2015-02-23 15:22:22', 2015, 2, 23, '15h-16h', 'muller_chloe', '5e4', 1, 0),
(85, '2015-02-23 15:22:25', 2015, 2, 23, '15h-16h', 'barthelemy_caroline', '5e4', 1, 0),
(86, '2015-02-23 15:22:48', 2015, 2, 23, '15h-16h', 'matheron_margot', '5e4', 1, 0),
(87, '2015-02-23 15:22:52', 2015, 2, 23, '15h-16h', 'heckel_marine', '5e4', 1, 0),
(88, '2015-02-23 15:22:58', 2015, 2, 23, '15h-16h', 'meloni_alicia', '5e4', 1, 0),
(89, '2015-02-23 15:23:01', 2015, 2, 23, '15h-16h', 'goksel_nursel', '3e1', 1, 0),
(90, '2015-02-23 15:23:04', 2015, 2, 23, '15h-16h', 'crater_jade', '4e1', 1, 0),
(91, '2015-02-23 15:23:05', 2015, 2, 23, '15h-16h', 'zidane_lina', '4e1', 1, 0),
(92, '2015-02-24 08:55:51', 2015, 2, 24, '9h-10h', 'matheron_margot', '5e4', 1, 0),
(93, '2015-02-24 08:55:54', 2015, 2, 24, '9h-10h', 'ribouchon_cassandra', '5e4', 1, 0),
(94, '2015-02-24 08:56:00', 2015, 2, 24, '9h-10h', 'delannoy_emmanuel', '5e4', 1, 0),
(95, '2015-02-24 08:56:03', 2015, 2, 24, '9h-10h', 'marande_cedric', '5e4', 1, 0),
(96, '2015-02-24 08:56:11', 2015, 2, 24, '9h-10h', 'ackermann_emily', '5e4', 1, 0),
(97, '2015-02-24 08:56:38', 2015, 2, 24, '9h-10h', 'barthelemy_caroline', '5e4', 1, 0),
(98, '2015-02-24 08:56:41', 2015, 2, 24, '9h-10h', 'muller_chloe', '5e4', 1, 0),
(99, '2015-02-24 08:56:51', 2015, 2, 24, '9h-10h', 'sadler_leo', '5e4', 1, 0),
(100, '2015-02-24 08:56:55', 2015, 2, 24, '9h-10h', 'barthelemy_jeanne', '5e4', 1, 0),
(101, '2015-02-24 08:57:49', 2015, 2, 24, '9h-10h', 'sapkur_mehson', '5e3', 1, 0),
(102, '2015-02-24 08:58:05', 2015, 2, 24, '9h-10h', 'hadji_amel', '5e4', 1, 0),
(103, '2015-02-24 08:58:34', 2015, 2, 24, '9h-10h', 'da silva_hugo', '5e4', 1, 0),
(104, '2015-02-24 08:58:39', 2015, 2, 24, '9h-10h', 'croutsch_loic', '5e4', 1, 0),
(105, '2015-02-24 08:58:46', 2015, 2, 24, '9h-10h', 'frezier_lucas', '5e4', 1, 0),
(106, '2015-02-24 08:58:50', 2015, 2, 24, '9h-10h', 'drui_yohan', '5e4', 1, 0),
(107, '2015-02-24 08:58:53', 2015, 2, 24, '9h-10h', 'weber_florent', '5e4', 1, 0),
(108, '2015-02-24 08:58:56', 2015, 2, 24, '9h-10h', 'romano_valentin', '5e4', 1, 0),
(109, '2015-02-24 08:58:58', 2015, 2, 24, '9h-10h', 'stuber_maelle', '5e4', 1, 0),
(110, '2015-02-24 09:02:24', 2015, 2, 24, '9h-10h', 'meloni_alicia', '5e4', 1, 0),
(111, '2015-02-24 09:02:26', 2015, 2, 24, '9h-10h', 'heckel_marine', '5e4', 1, 0),
(112, '2015-02-24 10:16:05', 2015, 2, 24, '10h-11h', 'grosse_florian', '6e4', 1, 0),
(113, '2015-02-24 10:16:09', 2015, 2, 24, '10h-11h', 'voigt_johanna', '4e5', 1, 0),
(114, '2015-02-24 10:16:13', 2015, 2, 24, '10h-11h', 'bahtiri_nadira', '6e4', 1, 0),
(115, '2015-02-24 10:16:16', 2015, 2, 24, '10h-11h', 'houpin_valentin', '3e4', 1, 0),
(116, '2015-02-24 10:16:18', 2015, 2, 24, '10h-11h', 'jacob_oceane', '3e4', 1, 0),
(117, '2015-02-24 10:16:22', 2015, 2, 24, '10h-11h', 'louis_marine', '3e4', 1, 0),
(118, '2015-02-24 10:16:31', 2015, 2, 24, '10h-11h', 'mansuy_herve', '6e4', 1, 0),
(119, '2015-02-24 10:16:34', 2015, 2, 24, '10h-11h', 'pichon_arnaud', '4e5', 1, 0),
(120, '2015-02-24 10:16:37', 2015, 2, 24, '10h-11h', 'jacquemin_charlotte', '4e5', 1, 0),
(121, '2015-02-24 10:16:53', 2015, 2, 24, '10h-11h', 'dincher_alexandre', '4e5', 1, 0),
(122, '2015-02-24 10:16:58', 2015, 2, 24, '10h-11h', 'rostoucher_lucas', '6e4', 1, 0),
(123, '2015-02-24 10:17:01', 2015, 2, 24, '10h-11h', 'lemaitre_theo', '6e4', 1, 0),
(124, '2015-02-24 10:17:04', 2015, 2, 24, '10h-11h', 'akatay_enes', '6e2', 1, 0),
(125, '2015-02-24 10:17:08', 2015, 2, 24, '10h-11h', 'pitz_hugo', '3e4', 1, 0),
(126, '2015-02-24 10:17:14', 2015, 2, 24, '10h-11h', 'cherruault_aurelien', '3e4', 1, 0),
(127, '2015-02-24 10:17:16', 2015, 2, 24, '10h-11h', 'payot_alexis', '3e4', 1, 0),
(128, '2015-02-24 10:17:20', 2015, 2, 24, '10h-11h', 'galmiche_zoe', '6e2', 1, 0),
(129, '2015-02-24 10:17:23', 2015, 2, 24, '10h-11h', 'about_chloe', '6e4', 1, 0),
(130, '2015-02-24 10:17:26', 2015, 2, 24, '10h-11h', 'bartolini_andrea', '6e4', 1, 0),
(131, '2015-02-24 11:04:56', 2015, 2, 24, '11h-12h', 'mehada_lucas', '4e3', 1, 0),
(132, '2015-02-24 11:05:00', 2015, 2, 24, '11h-12h', 'antoine_ryan', '4e3', 1, 0),
(133, '2015-02-24 11:05:04', 2015, 2, 24, '11h-12h', 'feltin_axel', '4e3', 1, 0),
(134, '2015-02-24 11:05:08', 2015, 2, 24, '11h-12h', 'kiffeurt_thibauld', '5e3', 1, 0),
(135, '2015-02-24 11:05:10', 2015, 2, 24, '11h-12h', 'peyreron_jarod', '4e3', 1, 0),
(136, '2015-02-24 11:05:13', 2015, 2, 24, '11h-12h', 'meyer_alicia', '4e3', 1, 0),
(137, '2015-02-24 11:05:15', 2015, 2, 24, '11h-12h', 'wecker_emilie', '4e3', 1, 0),
(138, '2015-02-24 11:05:19', 2015, 2, 24, '11h-12h', 'even_julien', '5e3', 1, 0),
(139, '2015-02-24 11:05:22', 2015, 2, 24, '11h-12h', 'pino_pantaleao_dylan', '6e3', 1, 0),
(140, '2015-02-24 11:05:24', 2015, 2, 24, '11h-12h', 'jacob_oceane', '3e4', 1, 0),
(141, '2015-02-24 11:05:26', 2015, 2, 24, '11h-12h', 'houpin_valentin', '3e4', 1, 0),
(142, '2015-02-24 11:06:16', 2015, 2, 24, '11h-12h', 'dervaux_ambre', '5e3', 1, 0),
(143, '2015-02-24 11:06:17', 2015, 2, 24, '11h-12h', 'schmitt_elisa', '5e3', 1, 0),
(144, '2015-02-24 11:06:23', 2015, 2, 24, '11h-12h', 'sevrez_alexis', '4e3', 1, 0),
(145, '2015-02-24 11:08:42', 2015, 2, 24, '11h-12h', 'herbomel_nathan', '4e3', 1, 0),
(146, '2015-02-24 11:08:45', 2015, 2, 24, '11h-12h', 'stuber_benoit', '4e3', 1, 0),
(147, '2015-02-24 11:08:47', 2015, 2, 24, '11h-12h', 'walter_romain', '5e3', 1, 0),
(148, '2015-02-24 11:08:51', 2015, 2, 24, '11h-12h', 'aiouaz_ryana', '5e3', 1, 0),
(149, '2015-02-24 11:08:54', 2015, 2, 24, '11h-12h', 'bolle_sofia', '5e3', 1, 0),
(150, '2015-02-24 11:09:04', 2015, 2, 24, '11h-12h', 'beyer_louis', '4e2', 1, 0),
(151, '2015-02-24 15:17:28', 2015, 2, 24, '15h-16h', 'vagne_nicolas', '5e2', 1, 0),
(152, '2015-02-24 15:19:05', 2015, 2, 24, '15h-16h', 'krieger_thibaut', '5e2', 1, 0),
(153, '2015-02-24 15:19:11', 2015, 2, 24, '15h-16h', 'bauer_maxime', '6e4', 1, 0),
(154, '2015-02-24 15:19:14', 2015, 2, 24, '15h-16h', 'mansuy_herve', '6e4', 1, 0),
(155, '2015-02-24 15:19:16', 2015, 2, 24, '15h-16h', 'durand_simon', '5e2', 1, 0),
(156, '2015-02-24 15:19:19', 2015, 2, 24, '15h-16h', 'burckhardt_mael', '5e2', 1, 0),
(157, '2015-02-24 15:19:22', 2015, 2, 24, '15h-16h', 'schreiner_noemie', '3e3', 1, 0),
(158, '2015-02-24 15:19:25', 2015, 2, 24, '15h-16h', 'avdic_sabina', '3e3', 1, 0),
(159, '2015-02-24 15:19:28', 2015, 2, 24, '15h-16h', 'blameble_noah', '5e2', 1, 0),
(160, '2015-02-24 15:19:31', 2015, 2, 24, '15h-16h', 'oswald_alexis', '6e4', 1, 0),
(161, '2015-02-24 15:19:33', 2015, 2, 24, '15h-16h', 'lemaitre_theo', '6e4', 1, 0),
(162, '2015-02-24 15:19:36', 2015, 2, 24, '15h-16h', 'barthelemy_paul', '3e3', 1, 0),
(163, '2015-02-24 15:19:38', 2015, 2, 24, '15h-16h', 'rostoucher_lucas', '6e4', 1, 0),
(164, '2015-02-24 15:19:40', 2015, 2, 24, '15h-16h', 'hollard_etienne', '6e4', 1, 0),
(165, '2015-02-24 15:19:43', 2015, 2, 24, '15h-16h', 'peyreron_jarod', '4e3', 1, 0),
(166, '2015-02-24 15:19:45', 2015, 2, 24, '15h-16h', 'guinet_nicolas', '3e3', 1, 0),
(167, '2015-02-24 15:20:22', 2015, 2, 24, '15h-16h', 'sevrez_alexis', '4e3', 1, 0),
(168, '2015-02-24 15:20:26', 2015, 2, 24, '15h-16h', 'about_chloe', '6e4', 0, 0),
(169, '2015-02-24 15:20:27', 2015, 2, 24, '15h-16h', 'feltin_axel', '4e3', 0, 0),
(170, '2015-02-24 15:20:30', 2015, 2, 24, '15h-16h', 'mehada_lucas', '4e3', 1, 0),
(171, '2015-02-24 15:20:37', 2015, 2, 24, '15h-16h', 'weisse_lucas', '5e2', 0, 0),
(172, '2015-02-24 16:07:52', 2015, 2, 24, '16h-17h', 'magra_quentin', '5e1', 1, 0),
(173, '2015-02-24 16:07:53', 2015, 2, 24, '16h-17h', 'delahaye_anthony', '4e1', 1, 0),
(174, '2015-02-24 16:07:53', 2015, 2, 24, '16h-17h', 'flauss_cassandra', '6e5', 1, 0),
(175, '2015-02-24 16:07:56', 2015, 2, 24, '16h-17h', 'lefebvre_emma', '5e1', 1, 0),
(176, '2015-02-24 16:07:56', 2015, 2, 24, '16h-17h', 'herbomel_nathan', '4e3', 1, 0),
(177, '2015-02-24 16:07:58', 2015, 2, 24, '16h-17h', 'even_julien', '5e3', 1, 0),
(178, '2015-02-24 16:08:07', 2015, 2, 24, '16h-17h', 'glaudon_arthur', '5e1', 1, 0),
(179, '2015-02-24 16:08:14', 2015, 2, 24, '16h-17h', 'kiffeurt_thibauld', '5e3', 1, 0),
(180, '2015-02-24 16:08:17', 2015, 2, 24, '16h-17h', 'maujean_lucas', '5e1', 1, 0),
(181, '2015-02-24 16:08:19', 2015, 2, 24, '16h-17h', 'weber_florent', '5e4', 1, 0),
(182, '2015-02-24 16:08:29', 2015, 2, 24, '16h-17h', 'blondeau_lindsay', '4e1', 1, 0),
(183, '2015-02-24 16:08:43', 2015, 2, 24, '16h-17h', 'cronauer_flavien', '4e1', 1, 0),
(184, '2015-02-24 16:09:12', 2015, 2, 24, '16h-17h', 'jacob_oceane', '3e4', 1, 0),
(185, '2015-02-24 16:09:12', 2015, 2, 24, '16h-17h', 'houpin_valentin', '3e4', 1, 0),
(186, '2015-02-24 16:10:55', 2015, 2, 24, '16h-17h', 'romano_valentin', '5e4', 1, 0),
(187, '2015-02-24 16:12:01', 2015, 2, 24, '16h-17h', 'crempt_benjamin', '5e4', 1, 0),
(188, '2015-02-24 16:12:03', 2015, 2, 24, '16h-17h', 'crater_jade', '4e1', 1, 0),
(189, '2015-02-24 16:12:07', 2015, 2, 24, '16h-17h', 'bertrand_nathanael', '4e1', 1, 0),
(190, '2015-02-24 16:12:28', 2015, 2, 24, '16h-17h', 'zidane_lina', '4e1', 1, 0),
(191, '2015-02-24 16:12:34', 2015, 2, 24, '16h-17h', 'meyer_alicia', '4e3', 0, 0),
(192, '2015-02-24 16:12:36', 2015, 2, 24, '16h-17h', 'wecker_emilie', '4e3', 0, 0),
(193, '2015-02-26 10:19:02', 2015, 2, 26, '10h-11h', 'albert_lea', '6e1', 0, 0),
(194, '2015-02-26 10:19:07', 2015, 2, 26, '10h-11h', 'barbier_louis', '6e1', 0, 0),
(195, '2015-02-26 10:19:08', 2015, 2, 26, '10h-11h', 'becker_alexis', '6e1', 0, 0),
(196, '2015-02-26 10:19:09', 2015, 2, 26, '10h-11h', 'berisa_ardijan', '6e1', 0, 0),
(197, '2015-02-26 10:19:11', 2015, 2, 26, '10h-11h', 'bourrion_paul', '4e4', 1, 0),
(198, '2015-02-26 10:19:11', 2015, 2, 26, '10h-11h', 'canteneur_aurelie', '4e4', 1, 0),
(199, '2015-02-26 10:19:16', 2015, 2, 26, '10h-11h', 'canteneur_paul', '6e1', 1, 0),
(200, '2015-02-26 10:19:16', 2015, 2, 26, '10h-11h', 'collin_theo', '6e2', 1, 0),
(201, '2015-02-26 10:19:17', 2015, 2, 26, '10h-11h', 'delles_simon', '4e4', 1, 0),
(202, '2015-02-26 10:19:30', 2015, 2, 26, '10h-11h', 'remy_fanny', '6e1', 1, 0),
(203, '2015-02-26 10:19:33', 2015, 2, 26, '10h-11h', 'ipek_melissa', '6e2', 1, 0),
(204, '2015-02-26 10:19:37', 2015, 2, 26, '10h-11h', 'durthaler_corentin', '6e2', 1, 0),
(205, '2015-02-26 10:19:41', 2015, 2, 26, '10h-11h', 'henocque_greyson', '6e2', 1, 0),
(206, '2015-02-26 10:19:45', 2015, 2, 26, '10h-11h', 'houpert_kevin', '6e1', 1, 0),
(207, '2015-02-26 10:20:24', 2015, 2, 26, '10h-11h', 'guillebault_jean_simon', '4e4', 1, 0),
(208, '2015-02-26 10:20:27', 2015, 2, 26, '10h-11h', 'yasar_chimene', '6e1', 1, 0),
(209, '2015-02-26 10:20:29', 2015, 2, 26, '10h-11h', 'pilmes_theo', '4e4', 1, 0),
(210, '2015-02-26 10:20:33', 2015, 2, 26, '10h-11h', 'hoerner_elise', '4e4', 1, 0),
(211, '2015-02-26 10:20:55', 2015, 2, 26, '10h-11h', 'gozdalski_juliette', '4e4', 1, 0),
(212, '2015-02-26 10:20:58', 2015, 2, 26, '10h-11h', 'houpin_noemie', '6e2', 1, 0),
(213, '2015-02-26 10:21:00', 2015, 2, 26, '10h-11h', 'hehn_ryan', '6e2', 1, 0),
(214, '2015-02-26 10:21:03', 2015, 2, 26, '10h-11h', 'galmiche_zoe', '6e2', 1, 0),
(215, '2015-02-26 10:21:06', 2015, 2, 26, '10h-11h', 'jobin_emilie', '6e2', 1, 0),
(216, '2015-02-26 10:21:36', 2015, 2, 26, '10h-11h', 'gosset_theo', '6e2', 0, 0),
(217, '2015-02-26 10:21:38', 2015, 2, 26, '10h-11h', 'gozdalski_baptiste', '6e1', 0, 0),
(218, '2015-02-26 10:21:40', 2015, 2, 26, '10h-11h', 'hesse_lesly', '6e3', 0, 0),
(219, '2015-02-26 10:21:41', 2015, 2, 26, '10h-11h', 'houpin_mateo', '6e2', 0, 0),
(220, '2015-02-26 10:21:43', 2015, 2, 26, '10h-11h', 'kremeur_joris', '6e2', 0, 0),
(221, '2015-02-26 10:21:44', 2015, 2, 26, '10h-11h', 'lemaitre_theo', '6e4', 0, 0),
(222, '2015-02-26 10:21:46', 2015, 2, 26, '10h-11h', 'liabaud_chelsy', '6e1', 0, 0),
(223, '2015-02-26 10:21:47', 2015, 2, 26, '10h-11h', 'mater_hugo', '6e1', 0, 0),
(224, '2015-02-26 10:21:48', 2015, 2, 26, '10h-11h', 'menager_camille', '6e1', 0, 0),
(225, '2015-02-26 10:21:48', 2015, 2, 26, '10h-11h', 'molineris_theo', '6e1', 0, 0),
(226, '2015-02-26 10:21:50', 2015, 2, 26, '10h-11h', 'raimond_corentin', '6e1', 0, 0),
(227, '2015-02-26 10:21:51', 2015, 2, 26, '10h-11h', 'saintpierre_nathan', '6e1', 0, 0),
(228, '2015-02-26 10:21:52', 2015, 2, 26, '10h-11h', 'schorsch_noah', '6e1', 0, 0),
(229, '2015-02-26 10:23:01', 2015, 2, 26, '10h-11h', 'dubusse_antoine', '6e2', 1, 0),
(230, '2015-02-26 13:05:25', 2015, 2, 26, '13h-14h', 'hebert_tristan', '3e1', 1, 0),
(231, '2015-02-26 13:05:28', 2015, 2, 26, '13h-14h', 'simonet_emmanuel', '3e1', 1, 0),
(232, '2015-02-26 13:05:30', 2015, 2, 26, '13h-14h', 'mick_ludovic', '3e1', 1, 0),
(233, '2015-02-26 13:05:32', 2015, 2, 26, '13h-14h', 'spath_theo', '3e1', 1, 0),
(234, '2015-02-26 13:05:35', 2015, 2, 26, '13h-14h', 'delles_benoit', '3e1', 1, 0),
(235, '2015-02-26 13:05:37', 2015, 2, 26, '13h-14h', 'galmiche_zoe', '6e2', 1, 0),
(236, '2015-02-26 13:05:40', 2015, 2, 26, '13h-14h', 'ipek_melissa', '6e2', 1, 0),
(237, '2015-02-26 13:21:24', 2015, 2, 26, '13h-14h', 'girard_emilien', '6e5', 1, 0),
(238, '2015-02-26 13:21:24', 2015, 2, 26, '13h-14h', 'weiss_theo', '6e5', 1, 0),
(239, '2015-02-26 13:54:53', 2015, 2, 26, '14h-15h', 'basak_hazal', '4e3', 1, 0),
(240, '2015-02-26 13:54:57', 2015, 2, 26, '14h-15h', 'herbomel_nathan', '4e3', 1, 0),
(241, '2015-02-26 13:55:00', 2015, 2, 26, '14h-15h', 'meyer_alicia', '4e3', 1, 0),
(242, '2015-02-26 13:55:02', 2015, 2, 26, '14h-15h', 'wecker_emilie', '4e3', 1, 0),
(243, '2015-02-26 13:55:04', 2015, 2, 26, '14h-15h', 'mansuy_herve', '6e4', 1, 0),
(244, '2015-02-26 13:55:06', 2015, 2, 26, '14h-15h', 'antoine_ryan', '4e3', 1, 0),
(245, '2015-02-26 13:55:10', 2015, 2, 26, '14h-15h', 'menager_camille', '6e1', 1, 0),
(246, '2015-02-26 13:55:12', 2015, 2, 26, '14h-15h', 'bartolini_andrea', '6e4', 1, 0),
(247, '2015-02-26 13:55:16', 2015, 2, 26, '14h-15h', 'liabaud_chelsy', '6e1', 1, 0),
(248, '2015-02-26 13:55:19', 2015, 2, 26, '14h-15h', 'peyreron_jarod', '4e3', 1, 0),
(249, '2015-02-26 13:55:22', 2015, 2, 26, '14h-15h', 'mehada_lucas', '4e3', 1, 0),
(250, '2015-02-26 13:55:37', 2015, 2, 26, '14h-15h', 'feltin_axel', '4e3', 1, 0),
(251, '2015-02-26 13:55:39', 2015, 2, 26, '14h-15h', 'kaygun_eren_can', '4e3', 1, 0),
(252, '2015-02-26 13:55:42', 2015, 2, 26, '14h-15h', 'leduc_leo', '4e3', 1, 0),
(253, '2015-02-26 13:56:04', 2015, 2, 26, '14h-15h', 'rostoucher_lucas', '6e4', 1, 0),
(254, '2015-02-26 13:57:05', 2015, 2, 26, '14h-15h', 'sevrez_alexis', '4e3', 1, 0),
(255, '2015-02-26 14:01:01', 2015, 2, 26, '14h-15h', 'stuber_benoit', '4e3', 1, 0),
(256, '2015-02-26 14:02:09', 2015, 2, 26, '14h-15h', 'about_chloe', '6e4', 0, 0),
(257, '2015-02-26 14:02:10', 2015, 2, 26, '14h-15h', 'lemaitre_theo', '6e4', 0, 0),
(258, '2015-02-26 15:13:22', 2015, 2, 26, '15h-16h', 'feltin_axel', '4e3', 1, 0),
(259, '2015-02-26 15:13:25', 2015, 2, 26, '15h-16h', 'sevrez_alexis', '4e3', 1, 0),
(260, '2015-02-26 15:13:27', 2015, 2, 26, '15h-16h', 'mehada_lucas', '4e3', 1, 0),
(261, '2015-02-26 15:15:34', 2015, 2, 26, '15h-16h', 'hollard_etienne', '6e4', 1, 0),
(262, '2015-02-26 15:16:05', 2015, 2, 26, '15h-16h', 'oswald_alexis', '6e4', 1, 0),
(263, '2015-02-26 15:16:08', 2015, 2, 26, '15h-16h', 'wecker_emilie', '4e3', 1, 0),
(264, '2015-02-26 15:16:10', 2015, 2, 26, '15h-16h', 'antoine_ryan', '4e3', 1, 0),
(265, '2015-02-26 15:16:14', 2015, 2, 26, '15h-16h', 'meyer_alicia', '4e3', 1, 0),
(266, '2015-02-26 15:16:16', 2015, 2, 26, '15h-16h', 'peyreron_jarod', '4e3', 1, 0),
(267, '2015-02-26 15:16:19', 2015, 2, 26, '15h-16h', 'jean_lee_jane', '4e2', 1, 0),
(268, '2015-02-26 15:16:25', 2015, 2, 26, '15h-16h', 'pierron_tristan', '6e4', 1, 0),
(269, '2015-02-26 15:16:27', 2015, 2, 26, '15h-16h', 'schorsch_noah', '6e1', 1, 0),
(270, '2015-02-26 15:16:31', 2015, 2, 26, '15h-16h', 'remy_fanny', '6e1', 1, 0),
(271, '2015-02-26 15:16:34', 2015, 2, 26, '15h-16h', 'brakta_chaima', '4e3', 1, 0),
(272, '2015-02-26 15:16:37', 2015, 2, 26, '15h-16h', 'bey_assia', '4e3', 1, 0),
(273, '2015-02-26 15:16:39', 2015, 2, 26, '15h-16h', 'fresi_matteo', '6e1', 1, 0),
(274, '2015-02-26 15:16:46', 2015, 2, 26, '15h-16h', 'basak_hazal', '4e3', 1, 0),
(275, '2015-02-26 15:16:49', 2015, 2, 26, '15h-16h', 'yasar_chimene', '6e1', 1, 0),
(276, '2015-02-26 15:17:14', 2015, 2, 26, '15h-16h', 'kaygun_eren_can', '4e3', 1, 0),
(277, '2015-02-26 15:17:14', 2015, 2, 26, '15h-16h', 'leduc_leo', '4e3', 1, 0),
(278, '2015-02-27 08:02:25', 2015, 2, 27, '8h-9h', 'meyer_alicia', '4e3', 1, 0),
(279, '2015-02-27 08:02:28', 2015, 2, 27, '8h-9h', 'wecker_emilie', '4e3', 1, 0),
(280, '2015-02-27 08:02:29', 2015, 2, 27, '8h-9h', 'stuber_benoit', '4e3', 1, 0),
(281, '2015-02-27 08:02:32', 2015, 2, 27, '8h-9h', 'sevrez_alexis', '4e3', 1, 0),
(282, '2015-02-27 08:05:54', 2015, 2, 27, '8h-9h', 'hesse_lesly', '6e3', 1, 0),
(283, '2015-02-27 08:05:56', 2015, 2, 27, '8h-9h', 'dubusse_antoine', '6e2', 1, 0),
(284, '2015-02-27 08:05:59', 2015, 2, 27, '8h-9h', 'herbomel_nathan', '4e3', 1, 0),
(285, '2015-02-27 08:06:07', 2015, 2, 27, '8h-9h', 'gozdalski_baptiste', '6e1', 1, 0),
(286, '2015-02-27 08:06:18', 2015, 2, 27, '8h-9h', 'engel_nicolas', '4e2', 1, 0),
(287, '2015-02-27 08:06:21', 2015, 2, 27, '8h-9h', 'etienne_malory', '4e2', 1, 0),
(288, '2015-02-27 08:06:25', 2015, 2, 27, '8h-9h', 'becker_alexis', '6e1', 1, 0),
(289, '2015-02-27 08:06:34', 2015, 2, 27, '8h-9h', 'hebert_alexia', '4e5', 1, 0),
(290, '2015-02-27 08:06:38', 2015, 2, 27, '8h-9h', 'fernandes_samantha', '4e5', 1, 0),
(291, '2015-02-27 08:06:41', 2015, 2, 27, '8h-9h', 'berisa_ardijan', '6e1', 1, 0),
(292, '2015-02-27 08:06:44', 2015, 2, 27, '8h-9h', 'morance_morgane', '4e5', 1, 0),
(293, '2015-02-27 08:06:46', 2015, 2, 27, '8h-9h', 'beyer_louis', '4e2', 1, 0),
(294, '2015-02-27 08:06:54', 2015, 2, 27, '8h-9h', 'dincher_alexandre', '4e5', 1, 0),
(295, '2015-02-27 08:09:56', 2015, 2, 27, '8h-9h', 'cannizzaro_hugo', '4e2', 1, 0),
(296, '2015-02-27 08:10:00', 2015, 2, 27, '8h-9h', 'mosa_hugo', '4e2', 1, 0),
(297, '2015-02-27 08:10:01', 2015, 2, 27, '8h-9h', 'hoffart_lena', '6e2', 1, 0),
(298, '2015-02-27 08:10:37', 2015, 2, 27, '8h-9h', 'cherruault_aurelien', '3e4', 0, 0),
(299, '2015-02-27 08:10:37', 2015, 2, 27, '8h-9h', 'chmielewska_cedric', '3e4', 0, 0),
(300, '2015-02-27 08:10:40', 2015, 2, 27, '8h-9h', 'lemaitre_theo', '6e4', 0, 0),
(301, '2015-02-27 08:56:58', 2015, 2, 27, '9h-10h', 'boizet_alexia', '6e4', 1, 0),
(302, '2015-02-27 08:57:01', 2015, 2, 27, '9h-10h', 'dincher_manon', '6e4', 1, 0),
(303, '2015-02-27 08:57:03', 2015, 2, 27, '9h-10h', 'de-bin_laura', '6e4', 1, 0),
(304, '2015-02-27 08:57:07', 2015, 2, 27, '9h-10h', 'kran_hugo', '5e3', 1, 0),
(305, '2015-02-27 08:57:10', 2015, 2, 27, '9h-10h', 'cardia_hugo', '6e4', 1, 0),
(306, '2015-02-27 08:57:13', 2015, 2, 27, '9h-10h', 'dervaux_ambre', '5e3', 1, 0),
(307, '2015-02-27 08:57:16', 2015, 2, 27, '9h-10h', 'gozdalski_baptiste', '6e1', 1, 0),
(308, '2015-02-27 08:57:19', 2015, 2, 27, '9h-10h', 'cratz_justine', '6e4', 1, 0),
(309, '2015-02-27 08:57:22', 2015, 2, 27, '9h-10h', 'grosse_elodie', '6e4', 1, 0),
(310, '2015-02-27 08:57:26', 2015, 2, 27, '9h-10h', 'blaise_alison', '6e4', 1, 0),
(311, '2015-02-27 08:57:28', 2015, 2, 27, '9h-10h', 'fillmann_colin', '5e3', 1, 0),
(312, '2015-02-27 08:57:32', 2015, 2, 27, '9h-10h', 'sapkur_mehson', '5e3', 1, 0),
(313, '2015-02-27 08:57:36', 2015, 2, 27, '9h-10h', 'niel_audrey', '5e3', 1, 0),
(314, '2015-02-27 08:57:38', 2015, 2, 27, '9h-10h', 'niel_laura', '5e3', 1, 0),
(315, '2015-02-27 08:57:41', 2015, 2, 27, '9h-10h', 'demir_aleyna', '6e4', 1, 0),
(316, '2015-02-27 08:57:43', 2015, 2, 27, '9h-10h', 'oswald_alexis', '6e4', 1, 0),
(317, '2015-02-27 08:57:46', 2015, 2, 27, '9h-10h', 'hollard_etienne', '6e4', 1, 0),
(318, '2015-02-27 08:57:50', 2015, 2, 27, '9h-10h', 'madi_yassine', '5e3', 1, 0),
(319, '2015-02-27 08:57:53', 2015, 2, 27, '9h-10h', 'schmitt_elisa', '5e3', 1, 0),
(320, '2015-02-27 08:57:55', 2015, 2, 27, '9h-10h', 'hauser_nathan', '5e3', 1, 0),
(321, '2015-02-27 10:09:56', 2015, 2, 27, '10h-11h', 'blameble_noah', '5e2', 1, 0),
(322, '2015-02-27 10:10:00', 2015, 2, 27, '10h-11h', 'magra_quentin', '5e1', 1, 0),
(323, '2015-02-27 10:10:04', 2015, 2, 27, '10h-11h', 'durand_simon', '5e2', 1, 0),
(324, '2015-02-27 10:10:06', 2015, 2, 27, '10h-11h', 'burckhardt_mael', '5e2', 1, 0),
(325, '2015-02-27 10:17:51', 2015, 2, 27, '10h-11h', 'simonet_jose', '5e1', 1, 0),
(326, '2015-02-27 10:17:54', 2015, 2, 27, '10h-11h', 'douet_maxime', '3e3', 1, 0),
(327, '2015-02-27 10:17:58', 2015, 2, 27, '10h-11h', 'hassan_thomas', '5e1', 1, 0),
(328, '2015-02-27 10:18:01', 2015, 2, 27, '10h-11h', 'glaudon_arthur', '5e1', 1, 0),
(329, '2015-02-27 10:18:03', 2015, 2, 27, '10h-11h', 'brugnon_maeva', '5e2', 1, 0),
(330, '2015-02-27 10:18:06', 2015, 2, 27, '10h-11h', 'hrbatovic_amila', '5e1', 1, 0),
(331, '2015-02-27 10:18:10', 2015, 2, 27, '10h-11h', 'poinsignon_florian', '5e1', 1, 0),
(332, '2015-02-27 10:18:13', 2015, 2, 27, '10h-11h', 'palacio_marc', '3e3', 1, 0),
(333, '2015-02-27 10:18:16', 2015, 2, 27, '10h-11h', 'andre_floriane', '5e2', 1, 0),
(334, '2015-02-27 10:18:18', 2015, 2, 27, '10h-11h', 'dilek_asya', '5e1', 1, 0),
(335, '2015-02-27 10:18:21', 2015, 2, 27, '10h-11h', 'frisch_sacha', '5e1', 1, 0),
(336, '2015-02-27 10:18:23', 2015, 2, 27, '10h-11h', 'lefebvre_emma', '5e1', 1, 0),
(337, '2015-02-27 10:18:26', 2015, 2, 27, '10h-11h', 'tallarico_samantha', '5e2', 1, 0),
(338, '2015-02-27 10:18:29', 2015, 2, 27, '10h-11h', 'frey_celia', '5e2', 1, 0),
(339, '2015-02-27 10:18:31', 2015, 2, 27, '10h-11h', 'collingro_julien', '5e2', 1, 0),
(340, '2015-02-27 10:19:13', 2015, 2, 27, '10h-11h', 'barrailhe_aurelien', '5e1', 1, 0),
(341, '2015-02-27 10:19:21', 2015, 2, 27, '10h-11h', 'guyon_lucas', '5e1', 1, 0),
(342, '2015-02-27 10:19:23', 2015, 2, 27, '10h-11h', 'weisse_lucas', '5e2', 1, 0),
(343, '2015-02-27 11:01:33', 2015, 2, 27, '11h-12h', 'hrbatovic_amila', '5e1', 1, 0),
(344, '2015-02-27 11:01:35', 2015, 2, 27, '11h-12h', 'dilek_asya', '5e1', 1, 0),
(345, '2015-02-27 11:01:37', 2015, 2, 27, '11h-12h', 'frey_celia', '5e2', 1, 0),
(346, '2015-02-27 11:02:48', 2015, 2, 27, '11h-12h', 'antoine_ryan', '4e3', 1, 0),
(347, '2015-02-27 11:03:10', 2015, 2, 27, '11h-12h', 'guyon_lucas', '5e1', 1, 0),
(348, '2015-02-27 11:03:11', 2015, 2, 27, '11h-12h', 'hector_julien', '4e1', 1, 0),
(349, '2015-02-27 11:03:16', 2015, 2, 27, '11h-12h', 'sevrez_alexis', '4e3', 1, 0),
(350, '2015-02-27 11:03:28', 2015, 2, 27, '11h-12h', 'stuber_benoit', '4e3', 1, 0),
(351, '2015-02-27 11:03:37', 2015, 2, 27, '11h-12h', 'engel_nicolas', '4e2', 1, 0),
(352, '2015-02-27 11:03:41', 2015, 2, 27, '11h-12h', 'tallarico_joseph', '3e1', 1, 0),
(353, '2015-02-27 11:03:44', 2015, 2, 27, '11h-12h', 'hehn_donovan', '4e2', 1, 0),
(354, '2015-02-27 11:03:47', 2015, 2, 27, '11h-12h', 'latarnik_benjamin', '4e1', 1, 0),
(355, '2015-02-27 11:03:52', 2015, 2, 27, '11h-12h', 'hebert_tristan', '3e1', 1, 0),
(356, '2015-02-27 11:04:01', 2015, 2, 27, '11h-12h', 'palacio_marc', '3e3', 1, 0),
(357, '2015-02-27 11:04:09', 2015, 2, 27, '11h-12h', 'douet_maxime', '3e3', 1, 0),
(358, '2015-02-27 11:04:20', 2015, 2, 27, '11h-12h', 'spath_theo', '3e1', 1, 0),
(359, '2015-02-27 11:04:36', 2015, 2, 27, '11h-12h', 'delles_benoit', '3e1', 1, 0),
(360, '2015-02-27 11:04:55', 2015, 2, 27, '11h-12h', 'zimmermann_boris', '3e2', 1, 0),
(361, '2015-02-27 11:05:09', 2015, 2, 27, '11h-12h', 'collingro_theo', '4e2', 1, 0),
(362, '2015-02-27 11:05:28', 2015, 2, 27, '11h-12h', 'zidane_lina', '4e1', 1, 0),
(363, '2015-02-27 11:05:31', 2015, 2, 27, '11h-12h', 'crater_jade', '4e1', 1, 0),
(364, '2015-02-27 13:10:54', 2015, 2, 27, '13h-14h', 'glaudon_arthur', '5e1', 1, 0),
(365, '2015-02-27 13:10:57', 2015, 2, 27, '13h-14h', 'hassan_thomas', '5e1', 1, 0),
(366, '2015-02-27 13:10:59', 2015, 2, 27, '13h-14h', 'simonet_jose', '5e1', 1, 0),
(367, '2015-02-27 13:11:01', 2015, 2, 27, '13h-14h', 'wazner_maxime', '4e2', 1, 0),
(368, '2015-02-27 13:11:03', 2015, 2, 27, '13h-14h', 'semmelbeck_jean', '4e2', 1, 0),
(369, '2015-02-27 13:11:06', 2015, 2, 27, '13h-14h', 'frisch_sacha', '5e1', 1, 0),
(370, '2015-02-27 13:11:08', 2015, 2, 27, '13h-14h', 'magra_quentin', '5e1', 1, 0),
(371, '2015-02-27 13:11:16', 2015, 2, 27, '13h-14h', 'barrailhe_aurelien', '5e1', 1, 0),
(372, '2015-02-27 13:11:18', 2015, 2, 27, '13h-14h', 'lefebvre_emma', '5e1', 1, 0),
(373, '2015-02-27 13:11:31', 2015, 2, 27, '13h-14h', 'pino_pantaleao_dylan', '6e3', 1, 0),
(374, '2015-02-27 13:11:37', 2015, 2, 27, '13h-14h', 'mansuy_herve', '6e4', 1, 0),
(375, '2015-02-27 13:11:38', 2015, 2, 27, '13h-14h', 'romano_valentin', '5e4', 0, 0),
(376, '2015-02-27 13:11:39', 2015, 2, 27, '13h-14h', 'weiss_lucas', '6e3', 1, 0),
(377, '2015-02-27 13:49:07', 2015, 2, 27, '14h-15h', 'mansuy_herve', '6e4', 1, 0),
(378, '2015-02-27 13:52:44', 2015, 2, 27, '14h-15h', 'leyendecker_maelys', '6e3', 1, 0),
(379, '2015-02-27 13:52:49', 2015, 2, 27, '14h-15h', 'milan_zoe', '6e3', 1, 0),
(380, '2015-02-27 13:52:54', 2015, 2, 27, '14h-15h', 'hollard_etienne', '6e4', 1, 0),
(381, '2015-02-27 13:52:55', 2015, 2, 27, '14h-15h', 'oswald_alexis', '6e4', 1, 0),
(382, '2015-02-27 13:52:59', 2015, 2, 27, '14h-15h', 'schroeder_thomas', '6e3', 1, 0),
(383, '2015-02-27 13:53:10', 2015, 2, 27, '14h-15h', 'santarini_alix', '6e2', 1, 0),
(384, '2015-02-27 13:53:47', 2015, 2, 27, '14h-15h', 'mehira_rayan', '6e2', 1, 0),
(385, '2015-02-27 13:53:55', 2015, 2, 27, '14h-15h', 'galmiche_zoe', '6e2', 1, 0),
(386, '2015-02-27 13:53:56', 2015, 2, 27, '14h-15h', 'ipek_melissa', '6e2', 1, 0),
(387, '2015-02-27 13:54:07', 2015, 2, 27, '14h-15h', 'rostoucher_lucas', '6e4', 1, 0),
(388, '2015-02-27 13:54:17', 2015, 2, 27, '14h-15h', 'lemaitre_theo', '6e4', 1, 0),
(389, '2015-02-27 13:54:34', 2015, 2, 27, '14h-15h', 'jobin_emilie', '6e2', 1, 0),
(390, '2015-02-27 13:54:36', 2015, 2, 27, '14h-15h', 'akatay_enes', '6e2', 1, 0),
(391, '2015-02-27 13:54:54', 2015, 2, 27, '14h-15h', 'houpin_noemie', '6e2', 1, 0),
(392, '2015-02-27 13:55:01', 2015, 2, 27, '14h-15h', 'kruse_katleen', '6e3', 1, 0),
(393, '2015-02-27 13:55:03', 2015, 2, 27, '14h-15h', 'klein_camille', '6e2', 1, 0),
(394, '2015-02-27 13:55:07', 2015, 2, 27, '14h-15h', 'bohr_clara', '6e2', 1, 0),
(395, '2015-02-27 13:55:09', 2015, 2, 27, '14h-15h', 'khennous_shirine', '6e2', 1, 0),
(396, '2015-02-27 13:57:28', 2015, 2, 27, '14h-15h', 'zidane_lina', '4e1', 1, 0),
(397, '2015-02-27 13:57:33', 2015, 2, 27, '14h-15h', 'crater_jade', '4e1', 1, 0),
(398, '2015-02-27 13:57:37', 2015, 2, 27, '14h-15h', 'latarnik_benjamin', '4e1', 1, 0),
(399, '2015-02-27 13:57:39', 2015, 2, 27, '14h-15h', 'weber_yannis', '4e1', 1, 0);

-- --------------------------------------------------------

--
-- Structure de la table `phpmyreservation_reservations`
--

CREATE TABLE IF NOT EXISTS `phpmyreservation_reservations` (
  `reservation_id` int(10) NOT NULL AUTO_INCREMENT,
  `reservation_made_time` datetime NOT NULL,
  `reservation_year` smallint(4) NOT NULL,
  `reservation_month` smallint(2) NOT NULL,
  `reservation_day` smallint(2) NOT NULL,
  `reservation_time` varchar(100) COLLATE utf8_unicode_ci NOT NULL,
  `reservation_place` int(11) NOT NULL,
  `reservation_user_id` int(10) NOT NULL,
  `reservation_user_email` varchar(100) COLLATE utf8_unicode_ci NOT NULL,
  `reservation_user_name` varchar(100) COLLATE utf8_unicode_ci NOT NULL,
  `reservation_location` int(11) NOT NULL DEFAULT '0',
  PRIMARY KEY (`reservation_id`)
) ENGINE=MyISAM  DEFAULT CHARSET=utf8 COLLATE=utf8_unicode_ci AUTO_INCREMENT=820 ;

--
-- Contenu de la table `phpmyreservation_reservations`
--

INSERT INTO `phpmyreservation_reservations` (`reservation_id`, `reservation_made_time`, `reservation_year`, `reservation_month`, `reservation_day`, `reservation_time`, `reservation_place`, `reservation_user_id`, `reservation_user_email`, `reservation_user_name`, `reservation_location`) VALUES
(453, '2015-02-24 08:16:36', 2015, 2, 24, '9h-10h', 5, 474, '', 'weber_florent', 0),
(452, '2015-02-24 08:16:31', 2015, 2, 24, '9h-10h', 4, 410, '', 'ribouchon_cassandra', 0),
(451, '2015-02-24 08:16:26', 2015, 2, 24, '9h-10h', 3, 43, '', 'barthelemy_jeanne', 0),
(450, '2015-02-24 08:16:21', 2015, 2, 24, '9h-10h', 2, 453, '', 'stuber_maelle', 0),
(449, '2015-02-24 08:16:18', 2015, 2, 24, '9h-10h', 1, 118, '', 'croutsch_loic', 0),
(25, '2015-02-11 21:04:36', 2015, 2, 12, '8h-9h', 1, 97, '', 'cetin_asuman', 0),
(29, '2015-02-22 16:12:56', 2015, 2, 24, '8h-9h', 1, 1, '', 'prof_doc', 0),
(30, '2015-02-22 16:12:56', 2015, 2, 24, '8h-9h', 2, 1, '', 'prof_doc', 0),
(31, '2015-02-22 16:12:56', 2015, 2, 24, '8h-9h', 3, 1, '', 'prof_doc', 0),
(32, '2015-02-22 16:12:56', 2015, 2, 24, '8h-9h', 4, 1, '', 'prof_doc', 0),
(33, '2015-02-22 16:12:56', 2015, 2, 24, '8h-9h', 5, 1, '', 'prof_doc', 0),
(34, '2015-02-22 16:12:56', 2015, 2, 24, '8h-9h', 6, 1, '', 'prof_doc', 0),
(35, '2015-02-22 16:12:56', 2015, 2, 24, '8h-9h', 7, 1, '', 'prof_doc', 0),
(36, '2015-02-22 16:12:56', 2015, 2, 24, '8h-9h', 8, 1, '', 'prof_doc', 0),
(37, '2015-02-22 16:12:56', 2015, 2, 24, '8h-9h', 9, 1, '', 'prof_doc', 0),
(38, '2015-02-22 16:12:56', 2015, 2, 24, '8h-9h', 10, 1, '', 'prof_doc', 0),
(39, '2015-02-22 16:12:56', 2015, 2, 24, '8h-9h', 11, 1, '', 'prof_doc', 0),
(40, '2015-02-22 16:12:56', 2015, 2, 24, '8h-9h', 12, 1, '', 'prof_doc', 0),
(41, '2015-02-22 16:12:56', 2015, 2, 24, '8h-9h', 13, 1, '', 'prof_doc', 0),
(42, '2015-02-22 16:12:56', 2015, 2, 24, '8h-9h', 14, 1, '', 'prof_doc', 0),
(43, '2015-02-22 16:12:56', 2015, 2, 24, '8h-9h', 15, 1, '', 'prof_doc', 0),
(44, '2015-02-22 16:12:56', 2015, 2, 24, '8h-9h', 16, 1, '', 'prof_doc', 0),
(45, '2015-02-22 16:12:56', 2015, 2, 24, '8h-9h', 17, 1, '', 'prof_doc', 0),
(46, '2015-02-22 16:12:56', 2015, 2, 24, '8h-9h', 18, 1, '', 'prof_doc', 0),
(47, '2015-02-22 16:12:56', 2015, 2, 24, '8h-9h', 19, 1, '', 'prof_doc', 0),
(48, '2015-02-22 16:12:56', 2015, 2, 24, '8h-9h', 20, 1, '', 'prof_doc', 0),
(395, '2015-02-23 13:14:57', 2015, 2, 23, '14h-15h', 5, 162, '', 'even_julien', 0),
(396, '2015-02-23 13:25:29', 2015, 2, 23, '14h-15h', 6, 280, '', 'kiffeurt_thibauld', 0),
(397, '2015-02-23 13:28:44', 2015, 2, 23, '14h-15h', 7, 235, '', 'hehn_ryan', 0),
(400, '2015-02-23 13:42:30', 2015, 2, 23, '15h-16h', 6, 41, '', 'barthelemy_caroline', 0),
(401, '2015-02-23 13:42:43', 2015, 2, 23, '15h-16h', 7, 338, '', 'marande_cedric', 0),
(402, '2015-02-23 13:42:52', 2015, 2, 23, '15h-16h', 8, 369, '', 'muller_chloe', 0),
(403, '2015-02-23 13:42:57', 2015, 2, 23, '15h-16h', 9, 5, '', 'ackermann_emily', 0),
(404, '2015-02-23 13:52:50', 2015, 2, 23, '14h-15h', 8, 431, '', 'schorsch_noah', 0),
(405, '2015-02-23 13:52:59', 2015, 2, 23, '14h-15h', 9, 406, '', 'remy_fanny', 0),
(406, '2015-02-23 13:53:19', 2015, 2, 23, '14h-15h', 10, 486, '', 'yasar_chimene', 0),
(407, '2015-02-23 13:53:25', 2015, 2, 23, '14h-15h', 11, 245, '', 'hoffart_lena', 0),
(408, '2015-02-23 13:54:06', 2015, 2, 23, '14h-15h', 12, 250, '', 'houpin_noemie', 0),
(409, '2015-02-23 13:54:22', 2015, 2, 23, '14h-15h', 13, 241, '', 'hesse_lesly', 0),
(410, '2015-02-23 13:54:41', 2015, 2, 23, '14h-15h', 14, 316, '', 'liabaud_chelsy', 0),
(125, '2015-02-23 10:27:49', 2015, 2, 23, '14h-15h', 1, 187, '', 'friedrich_tom', 0),
(126, '2015-02-23 10:27:56', 2015, 2, 23, '14h-15h', 2, 467, '', 'vington_lucas', 0),
(127, '2015-02-23 10:28:29', 2015, 2, 23, '14h-15h', 3, 363, '', 'molineris_theo', 0),
(128, '2015-02-23 10:28:33', 2015, 2, 23, '14h-15h', 4, 206, '', 'gozdalski_baptiste', 0),
(130, '2015-02-23 10:32:15', 2015, 2, 23, '15h-16h', 1, 128, '', 'delles_benoit', 0),
(131, '2015-02-23 10:32:19', 2015, 2, 23, '15h-16h', 2, 325, '', 'ludmann_romain', 0),
(132, '2015-02-23 10:32:48', 2015, 2, 23, '15h-16h', 3, 13, '', 'albert_mickael', 0),
(133, '2015-02-23 10:32:59', 2015, 2, 23, '15h-16h', 4, 475, '', 'weber_yannis', 0),
(134, '2015-02-23 10:33:03', 2015, 2, 23, '15h-16h', 5, 300, '', 'latarnik_benjamin', 0),
(135, '2015-02-23 10:38:32', 2015, 2, 23, '13h-14h', 1, 1, '', 'prof_doc', 0),
(136, '2015-02-23 10:38:32', 2015, 2, 23, '13h-14h', 2, 1, '', 'prof_doc', 0),
(137, '2015-02-23 10:38:32', 2015, 2, 23, '13h-14h', 3, 1, '', 'prof_doc', 0),
(138, '2015-02-23 10:38:32', 2015, 2, 23, '13h-14h', 4, 1, '', 'prof_doc', 0),
(139, '2015-02-23 10:38:32', 2015, 2, 23, '13h-14h', 5, 1, '', 'prof_doc', 0),
(140, '2015-02-23 10:38:32', 2015, 2, 23, '13h-14h', 6, 1, '', 'prof_doc', 0),
(141, '2015-02-23 10:38:32', 2015, 2, 23, '13h-14h', 7, 1, '', 'prof_doc', 0),
(142, '2015-02-23 10:38:32', 2015, 2, 23, '13h-14h', 8, 1, '', 'prof_doc', 0),
(143, '2015-02-23 10:38:32', 2015, 2, 23, '13h-14h', 9, 1, '', 'prof_doc', 0),
(144, '2015-02-23 10:38:32', 2015, 2, 23, '13h-14h', 10, 1, '', 'prof_doc', 0),
(145, '2015-02-23 10:38:32', 2015, 2, 23, '13h-14h', 11, 1, '', 'prof_doc', 0),
(146, '2015-02-23 10:38:32', 2015, 2, 23, '13h-14h', 12, 1, '', 'prof_doc', 0),
(147, '2015-02-23 10:38:32', 2015, 2, 23, '13h-14h', 13, 1, '', 'prof_doc', 0),
(148, '2015-02-23 10:38:32', 2015, 2, 23, '13h-14h', 14, 1, '', 'prof_doc', 0),
(149, '2015-02-23 10:38:32', 2015, 2, 23, '13h-14h', 15, 1, '', 'prof_doc', 0),
(150, '2015-02-23 10:38:32', 2015, 2, 23, '13h-14h', 16, 1, '', 'prof_doc', 0),
(151, '2015-02-23 10:38:32', 2015, 2, 23, '13h-14h', 17, 1, '', 'prof_doc', 0),
(152, '2015-02-23 10:38:32', 2015, 2, 23, '13h-14h', 18, 1, '', 'prof_doc', 0),
(153, '2015-02-23 10:38:32', 2015, 2, 23, '13h-14h', 19, 1, '', 'prof_doc', 0),
(154, '2015-02-23 10:38:32', 2015, 2, 23, '13h-14h', 20, 1, '', 'prof_doc', 0),
(155, '2015-02-23 10:38:51', 2015, 2, 23, '16h-17h', 1, 1, '', 'prof_doc', 0),
(156, '2015-02-23 10:38:51', 2015, 2, 23, '16h-17h', 2, 1, '', 'prof_doc', 0),
(157, '2015-02-23 10:38:51', 2015, 2, 23, '16h-17h', 3, 1, '', 'prof_doc', 0),
(158, '2015-02-23 10:38:51', 2015, 2, 23, '16h-17h', 4, 1, '', 'prof_doc', 0),
(159, '2015-02-23 10:38:51', 2015, 2, 23, '16h-17h', 5, 1, '', 'prof_doc', 0),
(160, '2015-02-23 10:38:51', 2015, 2, 23, '16h-17h', 6, 1, '', 'prof_doc', 0),
(161, '2015-02-23 10:38:51', 2015, 2, 23, '16h-17h', 7, 1, '', 'prof_doc', 0),
(162, '2015-02-23 10:38:51', 2015, 2, 23, '16h-17h', 8, 1, '', 'prof_doc', 0),
(163, '2015-02-23 10:38:51', 2015, 2, 23, '16h-17h', 9, 1, '', 'prof_doc', 0),
(164, '2015-02-23 10:38:51', 2015, 2, 23, '16h-17h', 10, 1, '', 'prof_doc', 0),
(165, '2015-02-23 10:38:51', 2015, 2, 23, '16h-17h', 11, 1, '', 'prof_doc', 0),
(166, '2015-02-23 10:38:51', 2015, 2, 23, '16h-17h', 12, 1, '', 'prof_doc', 0),
(167, '2015-02-23 10:38:51', 2015, 2, 23, '16h-17h', 13, 1, '', 'prof_doc', 0),
(168, '2015-02-23 10:38:51', 2015, 2, 23, '16h-17h', 14, 1, '', 'prof_doc', 0),
(169, '2015-02-23 10:38:51', 2015, 2, 23, '16h-17h', 15, 1, '', 'prof_doc', 0),
(170, '2015-02-23 10:38:51', 2015, 2, 23, '16h-17h', 16, 1, '', 'prof_doc', 0),
(171, '2015-02-23 10:38:51', 2015, 2, 23, '16h-17h', 17, 1, '', 'prof_doc', 0),
(172, '2015-02-23 10:38:51', 2015, 2, 23, '16h-17h', 18, 1, '', 'prof_doc', 0),
(173, '2015-02-23 10:38:51', 2015, 2, 23, '16h-17h', 19, 1, '', 'prof_doc', 0),
(174, '2015-02-23 10:38:51', 2015, 2, 23, '16h-17h', 20, 1, '', 'prof_doc', 0),
(175, '2015-02-23 10:51:31', 2015, 2, 24, '13h-14h', 1, 1, '', 'prof_doc', 0),
(176, '2015-02-23 10:51:31', 2015, 2, 24, '13h-14h', 2, 1, '', 'prof_doc', 0),
(177, '2015-02-23 10:51:31', 2015, 2, 24, '13h-14h', 3, 1, '', 'prof_doc', 0),
(178, '2015-02-23 10:51:31', 2015, 2, 24, '13h-14h', 4, 1, '', 'prof_doc', 0),
(179, '2015-02-23 10:51:31', 2015, 2, 24, '13h-14h', 5, 1, '', 'prof_doc', 0),
(180, '2015-02-23 10:51:31', 2015, 2, 24, '13h-14h', 6, 1, '', 'prof_doc', 0),
(181, '2015-02-23 10:51:31', 2015, 2, 24, '13h-14h', 7, 1, '', 'prof_doc', 0),
(182, '2015-02-23 10:51:31', 2015, 2, 24, '13h-14h', 8, 1, '', 'prof_doc', 0),
(183, '2015-02-23 10:51:31', 2015, 2, 24, '13h-14h', 9, 1, '', 'prof_doc', 0),
(184, '2015-02-23 10:51:31', 2015, 2, 24, '13h-14h', 10, 1, '', 'prof_doc', 0),
(185, '2015-02-23 10:51:31', 2015, 2, 24, '13h-14h', 11, 1, '', 'prof_doc', 0),
(186, '2015-02-23 10:51:31', 2015, 2, 24, '13h-14h', 12, 1, '', 'prof_doc', 0),
(187, '2015-02-23 10:51:31', 2015, 2, 24, '13h-14h', 13, 1, '', 'prof_doc', 0),
(188, '2015-02-23 10:51:31', 2015, 2, 24, '13h-14h', 14, 1, '', 'prof_doc', 0),
(189, '2015-02-23 10:51:31', 2015, 2, 24, '13h-14h', 15, 1, '', 'prof_doc', 0),
(190, '2015-02-23 10:51:31', 2015, 2, 24, '13h-14h', 16, 1, '', 'prof_doc', 0),
(191, '2015-02-23 10:51:31', 2015, 2, 24, '13h-14h', 17, 1, '', 'prof_doc', 0),
(192, '2015-02-23 10:51:31', 2015, 2, 24, '13h-14h', 18, 1, '', 'prof_doc', 0),
(193, '2015-02-23 10:51:31', 2015, 2, 24, '13h-14h', 19, 1, '', 'prof_doc', 0),
(194, '2015-02-23 10:51:31', 2015, 2, 24, '13h-14h', 20, 1, '', 'prof_doc', 0),
(195, '2015-02-23 10:51:35', 2015, 2, 24, '14h-15h', 1, 1, '', 'prof_doc', 0),
(196, '2015-02-23 10:51:35', 2015, 2, 24, '14h-15h', 2, 1, '', 'prof_doc', 0),
(197, '2015-02-23 10:51:35', 2015, 2, 24, '14h-15h', 3, 1, '', 'prof_doc', 0),
(198, '2015-02-23 10:51:35', 2015, 2, 24, '14h-15h', 4, 1, '', 'prof_doc', 0),
(199, '2015-02-23 10:51:35', 2015, 2, 24, '14h-15h', 5, 1, '', 'prof_doc', 0),
(200, '2015-02-23 10:51:35', 2015, 2, 24, '14h-15h', 6, 1, '', 'prof_doc', 0),
(201, '2015-02-23 10:51:35', 2015, 2, 24, '14h-15h', 7, 1, '', 'prof_doc', 0),
(202, '2015-02-23 10:51:35', 2015, 2, 24, '14h-15h', 8, 1, '', 'prof_doc', 0),
(203, '2015-02-23 10:51:35', 2015, 2, 24, '14h-15h', 9, 1, '', 'prof_doc', 0),
(204, '2015-02-23 10:51:35', 2015, 2, 24, '14h-15h', 10, 1, '', 'prof_doc', 0),
(205, '2015-02-23 10:51:35', 2015, 2, 24, '14h-15h', 11, 1, '', 'prof_doc', 0),
(206, '2015-02-23 10:51:35', 2015, 2, 24, '14h-15h', 12, 1, '', 'prof_doc', 0),
(207, '2015-02-23 10:51:35', 2015, 2, 24, '14h-15h', 13, 1, '', 'prof_doc', 0),
(208, '2015-02-23 10:51:35', 2015, 2, 24, '14h-15h', 14, 1, '', 'prof_doc', 0),
(209, '2015-02-23 10:51:35', 2015, 2, 24, '14h-15h', 15, 1, '', 'prof_doc', 0),
(210, '2015-02-23 10:51:35', 2015, 2, 24, '14h-15h', 16, 1, '', 'prof_doc', 0),
(211, '2015-02-23 10:51:35', 2015, 2, 24, '14h-15h', 17, 1, '', 'prof_doc', 0),
(212, '2015-02-23 10:51:35', 2015, 2, 24, '14h-15h', 18, 1, '', 'prof_doc', 0),
(213, '2015-02-23 10:51:35', 2015, 2, 24, '14h-15h', 19, 1, '', 'prof_doc', 0),
(214, '2015-02-23 10:51:35', 2015, 2, 24, '14h-15h', 20, 1, '', 'prof_doc', 0),
(215, '2015-02-23 10:51:46', 2015, 2, 26, '9h-10h', 1, 1, '', 'prof_doc', 0),
(216, '2015-02-23 10:51:46', 2015, 2, 26, '9h-10h', 2, 1, '', 'prof_doc', 0),
(217, '2015-02-23 10:51:46', 2015, 2, 26, '9h-10h', 3, 1, '', 'prof_doc', 0),
(218, '2015-02-23 10:51:46', 2015, 2, 26, '9h-10h', 4, 1, '', 'prof_doc', 0),
(219, '2015-02-23 10:51:46', 2015, 2, 26, '9h-10h', 5, 1, '', 'prof_doc', 0),
(220, '2015-02-23 10:51:46', 2015, 2, 26, '9h-10h', 6, 1, '', 'prof_doc', 0),
(221, '2015-02-23 10:51:46', 2015, 2, 26, '9h-10h', 7, 1, '', 'prof_doc', 0),
(222, '2015-02-23 10:51:46', 2015, 2, 26, '9h-10h', 8, 1, '', 'prof_doc', 0),
(223, '2015-02-23 10:51:46', 2015, 2, 26, '9h-10h', 9, 1, '', 'prof_doc', 0),
(224, '2015-02-23 10:51:46', 2015, 2, 26, '9h-10h', 10, 1, '', 'prof_doc', 0),
(225, '2015-02-23 10:51:46', 2015, 2, 26, '9h-10h', 11, 1, '', 'prof_doc', 0),
(226, '2015-02-23 10:51:46', 2015, 2, 26, '9h-10h', 12, 1, '', 'prof_doc', 0),
(227, '2015-02-23 10:51:46', 2015, 2, 26, '9h-10h', 13, 1, '', 'prof_doc', 0),
(228, '2015-02-23 10:51:46', 2015, 2, 26, '9h-10h', 14, 1, '', 'prof_doc', 0),
(229, '2015-02-23 10:51:46', 2015, 2, 26, '9h-10h', 15, 1, '', 'prof_doc', 0),
(230, '2015-02-23 10:51:46', 2015, 2, 26, '9h-10h', 16, 1, '', 'prof_doc', 0),
(231, '2015-02-23 10:51:46', 2015, 2, 26, '9h-10h', 17, 1, '', 'prof_doc', 0),
(232, '2015-02-23 10:51:46', 2015, 2, 26, '9h-10h', 18, 1, '', 'prof_doc', 0),
(233, '2015-02-23 10:51:46', 2015, 2, 26, '9h-10h', 19, 1, '', 'prof_doc', 0),
(234, '2015-02-23 10:51:46', 2015, 2, 26, '9h-10h', 20, 1, '', 'prof_doc', 0),
(235, '2015-02-23 10:51:51', 2015, 2, 26, '11h-12h', 1, 1, '', 'prof_doc', 0),
(236, '2015-02-23 10:51:51', 2015, 2, 26, '11h-12h', 2, 1, '', 'prof_doc', 0),
(237, '2015-02-23 10:51:51', 2015, 2, 26, '11h-12h', 3, 1, '', 'prof_doc', 0),
(238, '2015-02-23 10:51:51', 2015, 2, 26, '11h-12h', 4, 1, '', 'prof_doc', 0),
(239, '2015-02-23 10:51:51', 2015, 2, 26, '11h-12h', 5, 1, '', 'prof_doc', 0),
(240, '2015-02-23 10:51:51', 2015, 2, 26, '11h-12h', 6, 1, '', 'prof_doc', 0),
(241, '2015-02-23 10:51:51', 2015, 2, 26, '11h-12h', 7, 1, '', 'prof_doc', 0),
(242, '2015-02-23 10:51:51', 2015, 2, 26, '11h-12h', 8, 1, '', 'prof_doc', 0),
(243, '2015-02-23 10:51:51', 2015, 2, 26, '11h-12h', 9, 1, '', 'prof_doc', 0),
(244, '2015-02-23 10:51:51', 2015, 2, 26, '11h-12h', 10, 1, '', 'prof_doc', 0),
(245, '2015-02-23 10:51:51', 2015, 2, 26, '11h-12h', 11, 1, '', 'prof_doc', 0),
(246, '2015-02-23 10:51:51', 2015, 2, 26, '11h-12h', 12, 1, '', 'prof_doc', 0),
(247, '2015-02-23 10:51:51', 2015, 2, 26, '11h-12h', 13, 1, '', 'prof_doc', 0),
(248, '2015-02-23 10:51:51', 2015, 2, 26, '11h-12h', 14, 1, '', 'prof_doc', 0),
(249, '2015-02-23 10:51:51', 2015, 2, 26, '11h-12h', 15, 1, '', 'prof_doc', 0),
(250, '2015-02-23 10:51:51', 2015, 2, 26, '11h-12h', 16, 1, '', 'prof_doc', 0),
(251, '2015-02-23 10:51:51', 2015, 2, 26, '11h-12h', 17, 1, '', 'prof_doc', 0),
(252, '2015-02-23 10:51:51', 2015, 2, 26, '11h-12h', 18, 1, '', 'prof_doc', 0),
(253, '2015-02-23 10:51:51', 2015, 2, 26, '11h-12h', 19, 1, '', 'prof_doc', 0),
(254, '2015-02-23 10:51:51', 2015, 2, 26, '11h-12h', 20, 1, '', 'prof_doc', 0),
(550, '2015-02-24 11:01:05', 2015, 2, 24, '11h-12h', 10, 396, '', 'pino_pantaleao_dylan', 0),
(551, '2015-02-24 11:01:55', 2015, 2, 24, '11h-12h', 11, 162, '', 'even_julien', 0),
(552, '2015-02-24 11:02:16', 2015, 2, 24, '11h-12h', 12, 280, '', 'kiffeurt_thibauld', 0),
(553, '2015-02-24 11:04:30', 2015, 2, 24, '11h-12h', 13, 132, '', 'dervaux_ambre', 0),
(554, '2015-02-24 11:04:31', 2015, 2, 24, '11h-12h', 14, 428, '', 'schmitt_elisa', 0),
(555, '2015-02-24 11:06:37', 2015, 2, 24, '11h-12h', 15, 452, '', 'stuber_benoit', 0),
(556, '2015-02-24 11:06:41', 2015, 2, 24, '11h-12h', 16, 240, '', 'herbomel_nathan', 0),
(557, '2015-02-24 11:06:49', 2015, 2, 24, '11h-12h', 17, 7, '', 'aiouaz_ryana', 0),
(558, '2015-02-24 11:06:54', 2015, 2, 24, '11h-12h', 18, 472, '', 'walter_romain', 0),
(559, '2015-02-24 11:06:57', 2015, 2, 24, '11h-12h', 19, 73, '', 'bolle_sofia', 0),
(560, '2015-02-24 11:07:12', 2015, 2, 24, '11h-12h', 20, 58, '', 'beyer_louis', 0),
(562, '2015-02-24 13:48:20', 2015, 2, 24, '15h-16h', 10, 218, '', 'guinet_nicolas', 0),
(563, '2015-02-24 13:48:25', 2015, 2, 24, '15h-16h', 11, 44, '', 'barthelemy_paul', 0),
(564, '2015-02-24 13:58:54', 2015, 2, 24, '15h-16h', 12, 4, '', 'about_chloe', 0),
(275, '2015-02-23 10:52:02', 2015, 2, 26, '16h-17h', 1, 1, '', 'prof_doc', 0),
(276, '2015-02-23 10:52:02', 2015, 2, 26, '16h-17h', 2, 1, '', 'prof_doc', 0),
(277, '2015-02-23 10:52:02', 2015, 2, 26, '16h-17h', 3, 1, '', 'prof_doc', 0),
(278, '2015-02-23 10:52:02', 2015, 2, 26, '16h-17h', 4, 1, '', 'prof_doc', 0),
(279, '2015-02-23 10:52:02', 2015, 2, 26, '16h-17h', 5, 1, '', 'prof_doc', 0),
(280, '2015-02-23 10:52:02', 2015, 2, 26, '16h-17h', 6, 1, '', 'prof_doc', 0),
(281, '2015-02-23 10:52:02', 2015, 2, 26, '16h-17h', 7, 1, '', 'prof_doc', 0),
(282, '2015-02-23 10:52:02', 2015, 2, 26, '16h-17h', 8, 1, '', 'prof_doc', 0),
(283, '2015-02-23 10:52:02', 2015, 2, 26, '16h-17h', 9, 1, '', 'prof_doc', 0),
(284, '2015-02-23 10:52:02', 2015, 2, 26, '16h-17h', 10, 1, '', 'prof_doc', 0),
(285, '2015-02-23 10:52:02', 2015, 2, 26, '16h-17h', 11, 1, '', 'prof_doc', 0),
(286, '2015-02-23 10:52:02', 2015, 2, 26, '16h-17h', 12, 1, '', 'prof_doc', 0),
(287, '2015-02-23 10:52:02', 2015, 2, 26, '16h-17h', 13, 1, '', 'prof_doc', 0),
(288, '2015-02-23 10:52:02', 2015, 2, 26, '16h-17h', 14, 1, '', 'prof_doc', 0),
(289, '2015-02-23 10:52:02', 2015, 2, 26, '16h-17h', 15, 1, '', 'prof_doc', 0),
(290, '2015-02-23 10:52:02', 2015, 2, 26, '16h-17h', 16, 1, '', 'prof_doc', 0),
(291, '2015-02-23 10:52:02', 2015, 2, 26, '16h-17h', 17, 1, '', 'prof_doc', 0),
(292, '2015-02-23 10:52:02', 2015, 2, 26, '16h-17h', 18, 1, '', 'prof_doc', 0),
(293, '2015-02-23 10:52:02', 2015, 2, 26, '16h-17h', 19, 1, '', 'prof_doc', 0),
(294, '2015-02-23 10:52:02', 2015, 2, 26, '16h-17h', 20, 1, '', 'prof_doc', 0),
(731, '2015-02-27 08:53:49', 2015, 2, 27, '9h-10h', 15, 132, '', 'dervaux_ambre', 0),
(730, '2015-02-27 08:53:43', 2015, 2, 27, '9h-10h', 14, 428, '', 'schmitt_elisa', 0),
(729, '2015-02-27 08:53:37', 2015, 2, 27, '9h-10h', 13, 328, '', 'madi_yassine', 0),
(728, '2015-02-27 08:53:27', 2015, 2, 27, '9h-10h', 12, 172, '', 'fillmann_colin', 0),
(727, '2015-02-27 08:53:03', 2015, 2, 27, '9h-10h', 11, 229, '', 'hauser_nathan', 0),
(726, '2015-02-27 08:52:54', 2015, 2, 27, '9h-10h', 10, 423, '', 'sapkur_mehson', 0),
(725, '2015-02-27 08:52:44', 2015, 2, 27, '10h-11h', 8, 201, '', 'glaudon_arthur', 0),
(724, '2015-02-27 08:52:29', 2015, 2, 27, '9h-10h', 9, 383, '', 'oswald_alexis', 0),
(723, '2015-02-27 08:52:24', 2015, 2, 27, '9h-10h', 8, 246, '', 'hollard_etienne', 0),
(722, '2015-02-27 08:52:15', 2015, 2, 27, '9h-10h', 7, 206, '', 'gozdalski_baptiste', 0),
(315, '2015-02-23 10:52:15', 2015, 2, 27, '15h-16h', 1, 1, '', 'prof_doc', 0),
(316, '2015-02-23 10:52:15', 2015, 2, 27, '15h-16h', 2, 1, '', 'prof_doc', 0),
(317, '2015-02-23 10:52:15', 2015, 2, 27, '15h-16h', 3, 1, '', 'prof_doc', 0),
(318, '2015-02-23 10:52:15', 2015, 2, 27, '15h-16h', 4, 1, '', 'prof_doc', 0),
(319, '2015-02-23 10:52:15', 2015, 2, 27, '15h-16h', 5, 1, '', 'prof_doc', 0),
(320, '2015-02-23 10:52:15', 2015, 2, 27, '15h-16h', 6, 1, '', 'prof_doc', 0),
(321, '2015-02-23 10:52:15', 2015, 2, 27, '15h-16h', 7, 1, '', 'prof_doc', 0),
(322, '2015-02-23 10:52:15', 2015, 2, 27, '15h-16h', 8, 1, '', 'prof_doc', 0),
(323, '2015-02-23 10:52:15', 2015, 2, 27, '15h-16h', 9, 1, '', 'prof_doc', 0),
(324, '2015-02-23 10:52:15', 2015, 2, 27, '15h-16h', 10, 1, '', 'prof_doc', 0),
(325, '2015-02-23 10:52:15', 2015, 2, 27, '15h-16h', 11, 1, '', 'prof_doc', 0),
(326, '2015-02-23 10:52:15', 2015, 2, 27, '15h-16h', 12, 1, '', 'prof_doc', 0),
(327, '2015-02-23 10:52:15', 2015, 2, 27, '15h-16h', 13, 1, '', 'prof_doc', 0),
(328, '2015-02-23 10:52:15', 2015, 2, 27, '15h-16h', 14, 1, '', 'prof_doc', 0),
(329, '2015-02-23 10:52:15', 2015, 2, 27, '15h-16h', 15, 1, '', 'prof_doc', 0),
(330, '2015-02-23 10:52:15', 2015, 2, 27, '15h-16h', 16, 1, '', 'prof_doc', 0),
(331, '2015-02-23 10:52:15', 2015, 2, 27, '15h-16h', 17, 1, '', 'prof_doc', 0),
(332, '2015-02-23 10:52:15', 2015, 2, 27, '15h-16h', 18, 1, '', 'prof_doc', 0),
(333, '2015-02-23 10:52:15', 2015, 2, 27, '15h-16h', 19, 1, '', 'prof_doc', 0),
(334, '2015-02-23 10:52:15', 2015, 2, 27, '15h-16h', 20, 1, '', 'prof_doc', 0),
(335, '2015-02-23 10:52:18', 2015, 2, 27, '16h-17h', 1, 1, '', 'prof_doc', 0),
(336, '2015-02-23 10:52:18', 2015, 2, 27, '16h-17h', 2, 1, '', 'prof_doc', 0),
(337, '2015-02-23 10:52:18', 2015, 2, 27, '16h-17h', 3, 1, '', 'prof_doc', 0),
(338, '2015-02-23 10:52:18', 2015, 2, 27, '16h-17h', 4, 1, '', 'prof_doc', 0),
(339, '2015-02-23 10:52:18', 2015, 2, 27, '16h-17h', 5, 1, '', 'prof_doc', 0),
(340, '2015-02-23 10:52:18', 2015, 2, 27, '16h-17h', 6, 1, '', 'prof_doc', 0),
(341, '2015-02-23 10:52:18', 2015, 2, 27, '16h-17h', 7, 1, '', 'prof_doc', 0),
(342, '2015-02-23 10:52:18', 2015, 2, 27, '16h-17h', 8, 1, '', 'prof_doc', 0),
(343, '2015-02-23 10:52:18', 2015, 2, 27, '16h-17h', 9, 1, '', 'prof_doc', 0),
(344, '2015-02-23 10:52:18', 2015, 2, 27, '16h-17h', 10, 1, '', 'prof_doc', 0),
(345, '2015-02-23 10:52:18', 2015, 2, 27, '16h-17h', 11, 1, '', 'prof_doc', 0),
(346, '2015-02-23 10:52:18', 2015, 2, 27, '16h-17h', 12, 1, '', 'prof_doc', 0),
(347, '2015-02-23 10:52:18', 2015, 2, 27, '16h-17h', 13, 1, '', 'prof_doc', 0),
(348, '2015-02-23 10:52:18', 2015, 2, 27, '16h-17h', 14, 1, '', 'prof_doc', 0),
(349, '2015-02-23 10:52:18', 2015, 2, 27, '16h-17h', 15, 1, '', 'prof_doc', 0),
(350, '2015-02-23 10:52:18', 2015, 2, 27, '16h-17h', 16, 1, '', 'prof_doc', 0),
(351, '2015-02-23 10:52:18', 2015, 2, 27, '16h-17h', 17, 1, '', 'prof_doc', 0),
(352, '2015-02-23 10:52:18', 2015, 2, 27, '16h-17h', 18, 1, '', 'prof_doc', 0),
(353, '2015-02-23 10:52:18', 2015, 2, 27, '16h-17h', 19, 1, '', 'prof_doc', 0),
(354, '2015-02-23 10:52:18', 2015, 2, 27, '16h-17h', 20, 1, '', 'prof_doc', 0),
(411, '2015-02-23 13:54:52', 2015, 2, 23, '14h-15h', 15, 351, '', 'menager_camille', 0),
(412, '2015-02-23 13:54:58', 2015, 2, 23, '14h-15h', 16, 11, '', 'albert_lea', 0),
(413, '2015-02-23 13:56:07', 2015, 2, 23, '14h-15h', 17, 7, '', 'aiouaz_ryana', 0),
(414, '2015-02-23 13:56:19', 2015, 2, 23, '14h-15h', 18, 472, '', 'walter_romain', 0),
(415, '2015-02-23 13:57:12', 2015, 2, 23, '15h-16h', 10, 314, '', 'leyendecker_justine', 0),
(416, '2015-02-23 13:57:18', 2015, 2, 23, '15h-16h', 11, 203, '', 'goksel_nursel', 0),
(417, '2015-02-23 13:58:22', 2015, 2, 23, '14h-15h', 19, 27, '', 'artoni_franck', 0),
(418, '2015-02-23 13:58:36', 2015, 2, 23, '14h-15h', 20, 463, '', 'vagne_nicolas', 0),
(419, '2015-02-23 14:51:43', 2015, 2, 23, '15h-16h', 12, 222, '', 'hadji_amel', 0),
(420, '2015-02-23 14:51:53', 2015, 2, 23, '15h-16h', 13, 343, '', 'matheron_margot', 0),
(421, '2015-02-23 14:52:55', 2015, 2, 23, '15h-16h', 14, 349, '', 'meloni_alicia', 0),
(422, '2015-02-23 14:53:00', 2015, 2, 23, '15h-16h', 15, 232, '', 'heckel_marine', 0),
(423, '2015-02-23 14:53:14', 2015, 2, 23, '15h-16h', 16, 489, '', 'zidane_lina', 0),
(424, '2015-02-23 14:53:18', 2015, 2, 23, '15h-16h', 17, 114, '', 'crater_jade', 0),
(425, '2015-02-23 14:53:42', 2015, 2, 23, '15h-16h', 18, 124, '', 'delahaye_anthony', 0),
(426, '2015-02-23 14:54:15', 2015, 2, 23, '15h-16h', 19, 410, '', 'ribouchon_cassandra', 0),
(427, '2015-02-23 14:55:10', 2015, 2, 23, '15h-16h', 20, 415, '', 'rosenberger_valentin', 0),
(428, '2015-02-23 15:23:23', 2015, 2, 26, '8h-9h', 1, 1, '', 'prof_doc', 0),
(429, '2015-02-23 15:23:23', 2015, 2, 26, '8h-9h', 2, 1, '', 'prof_doc', 0),
(430, '2015-02-23 15:23:23', 2015, 2, 26, '8h-9h', 3, 1, '', 'prof_doc', 0),
(431, '2015-02-23 15:23:23', 2015, 2, 26, '8h-9h', 4, 1, '', 'prof_doc', 0),
(432, '2015-02-23 15:23:23', 2015, 2, 26, '8h-9h', 5, 1, '', 'prof_doc', 0),
(433, '2015-02-23 15:23:23', 2015, 2, 26, '8h-9h', 6, 1, '', 'prof_doc', 0),
(434, '2015-02-23 15:23:23', 2015, 2, 26, '8h-9h', 7, 1, '', 'prof_doc', 0),
(435, '2015-02-23 15:23:23', 2015, 2, 26, '8h-9h', 8, 1, '', 'prof_doc', 0),
(436, '2015-02-23 15:23:23', 2015, 2, 26, '8h-9h', 9, 1, '', 'prof_doc', 0),
(437, '2015-02-23 15:23:23', 2015, 2, 26, '8h-9h', 10, 1, '', 'prof_doc', 0),
(438, '2015-02-23 15:23:23', 2015, 2, 26, '8h-9h', 11, 1, '', 'prof_doc', 0),
(439, '2015-02-23 15:23:23', 2015, 2, 26, '8h-9h', 12, 1, '', 'prof_doc', 0),
(440, '2015-02-23 15:23:23', 2015, 2, 26, '8h-9h', 13, 1, '', 'prof_doc', 0),
(441, '2015-02-23 15:23:23', 2015, 2, 26, '8h-9h', 14, 1, '', 'prof_doc', 0),
(442, '2015-02-23 15:23:23', 2015, 2, 26, '8h-9h', 15, 1, '', 'prof_doc', 0),
(443, '2015-02-23 15:23:23', 2015, 2, 26, '8h-9h', 16, 1, '', 'prof_doc', 0),
(444, '2015-02-23 15:23:23', 2015, 2, 26, '8h-9h', 17, 1, '', 'prof_doc', 0),
(445, '2015-02-23 15:23:23', 2015, 2, 26, '8h-9h', 18, 1, '', 'prof_doc', 0),
(446, '2015-02-23 15:23:23', 2015, 2, 26, '8h-9h', 19, 1, '', 'prof_doc', 0),
(447, '2015-02-23 15:23:23', 2015, 2, 26, '8h-9h', 20, 1, '', 'prof_doc', 0),
(454, '2015-02-24 08:16:40', 2015, 2, 24, '9h-10h', 6, 126, '', 'delannoy_emmanuel', 0),
(455, '2015-02-24 08:16:42', 2015, 2, 24, '9h-10h', 7, 418, '', 'sadler_leo', 0),
(456, '2015-02-24 08:16:47', 2015, 2, 24, '9h-10h', 8, 41, '', 'barthelemy_caroline', 0),
(457, '2015-02-24 08:16:50', 2015, 2, 24, '9h-10h', 9, 222, '', 'hadji_amel', 0),
(458, '2015-02-24 08:16:55', 2015, 2, 24, '9h-10h', 10, 5, '', 'ackermann_emily', 0),
(459, '2015-02-24 08:16:56', 2015, 2, 24, '9h-10h', 11, 369, '', 'muller_chloe', 0),
(460, '2015-02-24 08:16:58', 2015, 2, 24, '9h-10h', 12, 338, '', 'marande_cedric', 0),
(461, '2015-02-24 08:17:05', 2015, 2, 24, '9h-10h', 13, 349, '', 'meloni_alicia', 0),
(462, '2015-02-24 08:17:13', 2015, 2, 24, '9h-10h', 14, 232, '', 'heckel_marine', 0),
(463, '2015-02-24 08:17:22', 2015, 2, 24, '9h-10h', 15, 414, '', 'romano_valentin', 0),
(464, '2015-02-24 08:17:29', 2015, 2, 24, '9h-10h', 16, 343, '', 'matheron_margot', 0),
(465, '2015-02-24 08:17:32', 2015, 2, 24, '9h-10h', 17, 119, '', 'da silva_hugo', 0),
(466, '2015-02-24 08:17:39', 2015, 2, 24, '9h-10h', 18, 148, '', 'drui_yohan', 0),
(467, '2015-02-24 08:17:45', 2015, 2, 24, '9h-10h', 19, 185, '', 'frezier_lucas', 0),
(468, '2015-02-24 08:19:18', 2015, 2, 24, '10h-11h', 1, 4, '', 'about_chloe', 0),
(469, '2015-02-24 08:19:19', 2015, 2, 24, '10h-11h', 2, 33, '', 'bahtiri_nadira', 0),
(470, '2015-02-24 08:19:25', 2015, 2, 24, '10h-11h', 3, 334, '', 'mansuy_herve', 0),
(471, '2015-02-24 08:19:35', 2015, 2, 24, '10h-11h', 4, 308, '', 'lemaitre_theo', 0),
(472, '2015-02-24 08:19:35', 2015, 2, 24, '10h-11h', 5, 416, '', 'rostoucher_lucas', 0),
(473, '2015-02-24 08:19:54', 2015, 2, 24, '10h-11h', 6, 469, '', 'voigt_johanna', 0),
(474, '2015-02-24 08:19:55', 2015, 2, 24, '10h-11h', 7, 259, '', 'jacquemin_charlotte', 0),
(475, '2015-02-24 08:20:09', 2015, 2, 24, '11h-12h', 1, 22, '', 'antoine_ryan', 0),
(476, '2015-02-24 08:20:24', 2015, 2, 24, '11h-12h', 2, 437, '', 'sevrez_alexis', 0),
(477, '2015-02-24 08:20:26', 2015, 2, 24, '11h-12h', 3, 347, '', 'mehada_lucas', 0),
(478, '2015-02-24 08:20:27', 2015, 2, 24, '11h-12h', 4, 169, '', 'feltin_axel', 0),
(479, '2015-02-24 08:57:43', 2015, 2, 24, '9h-10h', 20, 423, '', 'sapkur_mehson', 0),
(480, '2015-02-24 09:17:26', 2015, 2, 24, '10h-11h', 8, 45, '', 'bartolini_andrea', 0),
(481, '2015-02-24 09:52:14', 2015, 2, 24, '16h-17h', 1, 175, '', 'flauss_cassandra', 0),
(482, '2015-02-24 09:52:32', 2015, 2, 24, '10h-11h', 9, 8, '', 'akatay_enes', 0),
(483, '2015-02-24 09:53:10', 2015, 2, 24, '15h-16h', 1, 383, '', 'oswald_alexis', 0),
(484, '2015-02-24 09:53:16', 2015, 2, 24, '15h-16h', 2, 246, '', 'hollard_etienne', 0),
(485, '2015-02-24 09:53:18', 2015, 2, 24, '15h-16h', 3, 416, '', 'rostoucher_lucas', 0),
(486, '2015-02-24 09:53:49', 2015, 2, 24, '15h-16h', 4, 308, '', 'lemaitre_theo', 0),
(487, '2015-02-24 09:54:06', 2015, 2, 24, '16h-17h', 2, 162, '', 'even_julien', 0),
(488, '2015-02-24 09:54:44', 2015, 2, 24, '15h-16h', 5, 90, '', 'burckhardt_mael', 0),
(489, '2015-02-24 09:55:37', 2015, 2, 24, '15h-16h', 6, 480, '', 'weisse_lucas', 0),
(490, '2015-02-24 09:56:05', 2015, 2, 24, '10h-11h', 10, 214, '', 'grosse_florian', 0),
(491, '2015-02-24 09:56:21', 2015, 2, 24, '15h-16h', 7, 287, '', 'krieger_thibaut', 0),
(492, '2015-02-24 09:56:38', 2015, 2, 24, '10h-11h', 11, 102, '', 'cherruault_aurelien', 0),
(493, '2015-02-24 09:56:47', 2015, 2, 24, '10h-11h', 12, 397, '', 'pitz_hugo', 0),
(494, '2015-02-24 09:57:49', 2015, 2, 24, '10h-11h', 13, 142, '', 'dincher_alexandre', 0),
(495, '2015-02-24 09:58:00', 2015, 2, 24, '16h-17h', 3, 201, '', 'glaudon_arthur', 0),
(496, '2015-02-24 09:58:48', 2015, 2, 24, '10h-11h', 14, 388, '', 'payot_alexis', 0),
(497, '2015-02-24 09:58:59', 2015, 2, 24, '11h-12h', 5, 476, '', 'wecker_emilie', 0),
(498, '2015-02-24 09:59:05', 2015, 2, 24, '11h-12h', 6, 353, '', 'meyer_alicia', 0),
(499, '2015-02-24 10:01:22', 2015, 2, 24, '10h-11h', 15, 194, '', 'galmiche_zoe', 0),
(500, '2015-02-24 10:01:37', 2015, 2, 24, '16h-17h', 4, 306, '', 'lefebvre_emma', 0),
(501, '2015-02-24 10:02:10', 2015, 2, 24, '15h-16h', 8, 156, '', 'durand_simon', 0),
(502, '2015-02-24 10:02:14', 2015, 2, 24, '15h-16h', 9, 65, '', 'blameble_noah', 0),
(503, '2015-02-24 10:03:23', 2015, 2, 24, '11h-12h', 7, 251, '', 'houpin_valentin', 0),
(504, '2015-02-24 10:03:24', 2015, 2, 24, '11h-12h', 8, 258, '', 'jacob_oceane', 0),
(505, '2015-02-24 10:04:56', 2015, 2, 24, '10h-11h', 16, 322, '', 'louis_marine', 0),
(506, '2015-02-24 10:05:00', 2015, 2, 24, '10h-11h', 17, 251, '', 'houpin_valentin', 0),
(507, '2015-02-24 10:05:03', 2015, 2, 24, '10h-11h', 18, 258, '', 'jacob_oceane', 0),
(508, '2015-02-24 10:05:25', 2015, 2, 24, '11h-12h', 9, 392, '', 'peyreron_jarod', 0),
(509, '2015-02-24 10:06:02', 2015, 2, 24, '10h-11h', 19, 393, '', 'pichon_arnaud', 0),
(565, '2015-02-24 13:59:05', 2015, 2, 24, '15h-16h', 13, 49, '', 'bauer_maxime', 0),
(566, '2015-02-24 13:59:08', 2015, 2, 24, '15h-16h', 14, 334, '', 'mansuy_herve', 0),
(567, '2015-02-24 13:59:15', 2015, 2, 24, '15h-16h', 15, 437, '', 'sevrez_alexis', 0),
(568, '2015-02-24 13:59:22', 2015, 2, 24, '15h-16h', 16, 347, '', 'mehada_lucas', 0),
(569, '2015-02-24 13:59:27', 2015, 2, 24, '15h-16h', 17, 169, '', 'feltin_axel', 0),
(584, '2015-02-24 14:55:55', 2015, 2, 24, '15h-16h', 18, 392, '', 'peyreron_jarod', 0),
(585, '2015-02-24 15:05:17', 2015, 2, 24, '16h-17h', 15, 116, '', 'crempt_benjamin', 0),
(572, '2015-02-24 14:03:46', 2015, 2, 24, '16h-17h', 5, 56, '', 'bertrand_nathanael', 0),
(573, '2015-02-24 14:03:48', 2015, 2, 24, '16h-17h', 6, 117, '', 'cronauer_flavien', 0),
(574, '2015-02-24 14:03:54', 2015, 2, 24, '16h-17h', 7, 124, '', 'delahaye_anthony', 0),
(575, '2015-02-24 14:04:00', 2015, 2, 24, '16h-17h', 8, 69, '', 'blondeau_lindsay', 0),
(576, '2015-02-24 14:04:04', 2015, 2, 24, '16h-17h', 9, 489, '', 'zidane_lina', 0),
(577, '2015-02-24 14:04:08', 2015, 2, 24, '16h-17h', 10, 114, '', 'crater_jade', 0),
(578, '2015-02-24 14:04:29', 2015, 2, 24, '16h-17h', 11, 476, '', 'wecker_emilie', 0),
(579, '2015-02-24 14:04:35', 2015, 2, 24, '16h-17h', 12, 353, '', 'meyer_alicia', 0),
(580, '2015-02-24 14:04:45', 2015, 2, 24, '16h-17h', 13, 414, '', 'romano_valentin', 0),
(581, '2015-02-24 14:50:59', 2015, 2, 24, '15h-16h', 20, 29, '', 'avdic_sabina', 0),
(582, '2015-02-24 14:51:12', 2015, 2, 24, '15h-16h', 21, 432, '', 'schreiner_noemie', 0),
(583, '2015-02-24 14:51:42', 2015, 2, 24, '16h-17h', 14, 280, '', 'kiffeurt_thibauld', 0),
(586, '2015-02-24 15:05:20', 2015, 2, 24, '16h-17h', 16, 474, '', 'weber_florent', 0),
(587, '2015-02-24 15:05:35', 2015, 2, 24, '16h-17h', 17, 346, '', 'maujean_lucas', 0),
(588, '2015-02-24 15:06:45', 2015, 2, 24, '16h-17h', 18, 240, '', 'herbomel_nathan', 0),
(589, '2015-02-24 16:02:27', 2015, 2, 24, '16h-17h', 19, 330, '', 'magra_quentin', 0),
(590, '2015-02-24 16:06:52', 2015, 2, 24, '16h-17h', 20, 258, '', 'jacob_oceane', 0),
(591, '2015-02-24 16:07:01', 2015, 2, 24, '16h-17h', 21, 251, '', 'houpin_valentin', 0),
(592, '2015-02-26 07:35:27', 2015, 2, 26, '14h-15h', 1, 4, '', 'about_chloe', 0),
(593, '2015-02-26 07:39:41', 2015, 2, 26, '14h-15h', 2, 437, '', 'sevrez_alexis', 0),
(594, '2015-02-26 07:44:48', 2015, 2, 26, '14h-15h', 3, 305, '', 'leduc_leo', 0),
(595, '2015-02-26 07:44:50', 2015, 2, 26, '14h-15h', 4, 169, '', 'feltin_axel', 0),
(596, '2015-02-26 07:52:55', 2015, 2, 26, '10h-11h', 1, 207, '', 'gozdalski_juliette', 0),
(597, '2015-02-26 07:53:22', 2015, 2, 26, '10h-11h', 2, 243, '', 'hoerner_elise', 0),
(598, '2015-02-26 07:53:36', 2015, 2, 26, '10h-11h', 3, 93, '', 'canteneur_aurelie', 0),
(599, '2015-02-26 07:53:47', 2015, 2, 26, '10h-11h', 4, 395, '', 'pilmes_theo', 0),
(600, '2015-02-26 07:53:53', 2015, 2, 26, '10h-11h', 5, 129, '', 'delles_simon', 0),
(601, '2015-02-26 07:53:55', 2015, 2, 26, '10h-11h', 6, 217, '', 'guillebault_jean_simon', 0),
(602, '2015-02-26 07:54:01', 2015, 2, 26, '10h-11h', 7, 78, '', 'bourrion_paul', 0),
(603, '2015-02-26 07:54:23', 2015, 2, 26, '10h-11h', 8, 150, '', 'dubusse_antoine', 0),
(604, '2015-02-26 07:54:53', 2015, 2, 26, '10h-11h', 9, 250, '', 'houpin_noemie', 0),
(605, '2015-02-26 07:55:24', 2015, 2, 26, '10h-11h', 10, 265, '', 'jobin_emilie', 0),
(606, '2015-02-26 07:55:37', 2015, 2, 26, '10h-11h', 11, 239, '', 'henocque_greyson', 0),
(607, '2015-02-26 07:56:01', 2015, 2, 26, '10h-11h', 12, 194, '', 'galmiche_zoe', 0),
(608, '2015-02-26 07:56:20', 2015, 2, 26, '10h-11h', 13, 256, '', 'ipek_melissa', 0),
(609, '2015-02-26 08:52:32', 2015, 2, 26, '14h-15h', 5, 45, '', 'bartolini_andrea', 0),
(611, '2015-02-26 09:51:57', 2015, 2, 26, '14h-15h', 6, 353, '', 'meyer_alicia', 0),
(612, '2015-02-26 09:52:00', 2015, 2, 26, '14h-15h', 7, 476, '', 'wecker_emilie', 0),
(613, '2015-02-26 09:52:16', 2015, 2, 26, '10h-11h', 14, 157, '', 'durthaler_corentin', 0),
(614, '2015-02-26 09:52:26', 2015, 2, 26, '10h-11h', 15, 235, '', 'hehn_ryan', 0),
(615, '2015-02-26 09:52:36', 2015, 2, 26, '10h-11h', 16, 108, '', 'collin_theo', 0),
(616, '2015-02-26 09:53:17', 2015, 2, 26, '10h-11h', 17, 248, '', 'houpert_kevin', 0),
(617, '2015-02-26 09:53:21', 2015, 2, 26, '10h-11h', 18, 94, '', 'canteneur_paul', 0),
(618, '2015-02-26 09:53:34', 2015, 2, 26, '10h-11h', 19, 406, '', 'remy_fanny', 0),
(619, '2015-02-26 09:53:42', 2015, 2, 26, '10h-11h', 20, 486, '', 'yasar_chimene', 0),
(620, '2015-02-26 09:53:51', 2015, 2, 26, '10h-11h', 21, 431, '', 'schorsch_noah', 0),
(621, '2015-02-26 09:54:12', 2015, 2, 26, '14h-15h', 8, 334, '', 'mansuy_herve', 0),
(622, '2015-02-26 09:54:29', 2015, 2, 26, '15h-16h', 1, 246, '', 'hollard_etienne', 0),
(623, '2015-02-26 09:54:36', 2015, 2, 26, '15h-16h', 2, 383, '', 'oswald_alexis', 0),
(624, '2015-02-26 09:54:53', 2015, 2, 26, '14h-15h', 9, 416, '', 'rostoucher_lucas', 0),
(625, '2015-02-26 09:55:01', 2015, 2, 26, '14h-15h', 10, 308, '', 'lemaitre_theo', 0),
(626, '2015-02-26 09:55:22', 2015, 2, 26, '10h-11h', 22, 249, '', 'houpin_mateo', 0),
(627, '2015-02-26 09:55:34', 2015, 2, 26, '10h-11h', 23, 285, '', 'kremeur_joris', 0),
(628, '2015-02-26 09:55:59', 2015, 2, 26, '10h-11h', 24, 351, '', 'menager_camille', 0),
(629, '2015-02-26 09:56:10', 2015, 2, 26, '10h-11h', 25, 316, '', 'liabaud_chelsy', 0),
(630, '2015-02-26 09:56:20', 2015, 2, 26, '10h-11h', 26, 11, '', 'albert_lea', 0),
(631, '2015-02-26 09:56:32', 2015, 2, 26, '10h-11h', 27, 37, '', 'barbier_louis', 0),
(632, '2015-02-26 09:56:41', 2015, 2, 26, '10h-11h', 28, 363, '', 'molineris_theo', 0),
(633, '2015-02-26 09:56:47', 2015, 2, 26, '10h-11h', 29, 342, '', 'mater_hugo', 0),
(634, '2015-02-26 09:56:53', 2015, 2, 26, '10h-11h', 30, 51, '', 'becker_alexis', 0),
(635, '2015-02-26 09:57:12', 2015, 2, 26, '10h-11h', 31, 205, '', 'gosset_theo', 0),
(636, '2015-02-26 09:57:24', 2015, 2, 26, '10h-11h', 32, 404, '', 'raimond_corentin', 0),
(637, '2015-02-26 09:58:07', 2015, 2, 26, '10h-11h', 33, 206, '', 'gozdalski_baptiste', 0),
(638, '2015-02-26 09:58:43', 2015, 2, 26, '15h-16h', 3, 394, '', 'pierron_tristan', 0),
(639, '2015-02-26 09:58:57', 2015, 2, 26, '10h-11h', 34, 54, '', 'berisa_ardijan', 0),
(640, '2015-02-26 09:59:14', 2015, 2, 26, '10h-11h', 35, 308, '', 'lemaitre_theo', 0),
(641, '2015-02-26 09:59:33', 2015, 2, 26, '10h-11h', 36, 241, '', 'hesse_lesly', 0),
(642, '2015-02-26 10:01:45', 2015, 2, 26, '10h-11h', 37, 420, '', 'saintpierre_nathan', 0),
(643, '2015-02-26 10:12:23', 2015, 2, 26, '13h-14h', 1, 200, '', 'girard_emilien', 0),
(644, '2015-02-26 10:12:26', 2015, 2, 26, '13h-14h', 2, 478, '', 'weiss_theo', 0),
(645, '2015-02-26 12:53:02', 2015, 2, 26, '13h-14h', 3, 256, '', 'ipek_melissa', 0),
(646, '2015-02-26 12:55:44', 2015, 2, 26, '13h-14h', 4, 194, '', 'galmiche_zoe', 0),
(647, '2015-02-26 12:57:41', 2015, 2, 26, '13h-14h', 5, 359, '', 'mick_ludovic', 0),
(648, '2015-02-26 13:00:32', 2015, 2, 26, '13h-14h', 6, 441, '', 'simonet_emmanuel', 0),
(649, '2015-02-26 13:01:36', 2015, 2, 26, '13h-14h', 7, 128, '', 'delles_benoit', 0),
(650, '2015-02-26 13:01:40', 2015, 2, 26, '13h-14h', 8, 447, '', 'spath_theo', 0),
(651, '2015-02-26 13:01:43', 2015, 2, 26, '13h-14h', 9, 231, '', 'hebert_tristan', 0),
(652, '2015-02-26 13:32:17', 2015, 2, 26, '14h-15h', 11, 392, '', 'peyreron_jarod', 0),
(653, '2015-02-26 13:32:19', 2015, 2, 26, '14h-15h', 12, 347, '', 'mehada_lucas', 0),
(654, '2015-02-26 13:37:33', 2015, 2, 26, '14h-15h', 13, 351, '', 'menager_camille', 0),
(655, '2015-02-26 13:37:37', 2015, 2, 26, '14h-15h', 14, 316, '', 'liabaud_chelsy', 0),
(656, '2015-02-26 13:38:19', 2015, 2, 26, '15h-16h', 4, 353, '', 'meyer_alicia', 0),
(657, '2015-02-26 13:38:21', 2015, 2, 26, '15h-16h', 5, 476, '', 'wecker_emilie', 0),
(658, '2015-02-26 13:39:57', 2015, 2, 26, '15h-16h', 6, 347, '', 'mehada_lucas', 0),
(659, '2015-02-26 13:39:58', 2015, 2, 26, '15h-16h', 7, 392, '', 'peyreron_jarod', 0),
(660, '2015-02-26 13:52:05', 2015, 2, 26, '14h-15h', 15, 22, '', 'antoine_ryan', 0),
(661, '2015-02-26 13:52:11', 2015, 2, 26, '14h-15h', 16, 270, '', 'kaygun_eren_can', 0),
(662, '2015-02-26 13:52:21', 2015, 2, 26, '14h-15h', 17, 46, '', 'basak_hazal', 0),
(663, '2015-02-26 13:52:51', 2015, 2, 26, '14h-15h', 18, 240, '', 'herbomel_nathan', 0),
(664, '2015-02-26 13:53:36', 2015, 2, 26, '15h-16h', 8, 46, '', 'basak_hazal', 0),
(665, '2015-02-26 13:54:25', 2015, 2, 26, '15h-16h', 9, 305, '', 'leduc_leo', 0),
(666, '2015-02-26 13:54:28', 2015, 2, 26, '15h-16h', 10, 169, '', 'feltin_axel', 0),
(667, '2015-02-26 13:54:30', 2015, 2, 26, '15h-16h', 11, 22, '', 'antoine_ryan', 0),
(668, '2015-02-26 13:54:34', 2015, 2, 26, '15h-16h', 12, 270, '', 'kaygun_eren_can', 0),
(669, '2015-02-26 13:54:38', 2015, 2, 26, '15h-16h', 13, 437, '', 'sevrez_alexis', 0),
(670, '2015-02-26 13:56:14', 2015, 2, 26, '14h-15h', 19, 452, '', 'stuber_benoit', 0),
(671, '2015-02-26 13:56:51', 2015, 2, 26, '15h-16h', 14, 262, '', 'jean_lee_jane', 0),
(672, '2015-02-26 14:51:53', 2015, 2, 26, '15h-16h', 15, 183, '', 'fresi_matteo', 0),
(673, '2015-02-26 14:53:07', 2015, 2, 26, '15h-16h', 16, 486, '', 'yasar_chimene', 0),
(674, '2015-02-26 14:53:08', 2015, 2, 26, '15h-16h', 17, 406, '', 'remy_fanny', 0),
(675, '2015-02-26 14:53:13', 2015, 2, 26, '15h-16h', 18, 431, '', 'schorsch_noah', 0),
(676, '2015-02-26 15:01:01', 2015, 2, 26, '15h-16h', 19, 57, '', 'bey_assia', 0),
(677, '2015-02-26 15:01:02', 2015, 2, 26, '15h-16h', 20, 83, '', 'brakta_chaima', 0),
(682, '2015-02-27 07:39:30', 2015, 2, 27, '14h-15h', 1, 281, '', 'klein_camille', 0),
(679, '2015-02-27 07:37:27', 2015, 2, 27, '13h-14h', 1, 396, '', 'pino_pantaleao_dylan', 0),
(680, '2015-02-27 07:37:53', 2015, 2, 27, '8h-9h', 2, 230, '', 'hebert_alexia', 0),
(681, '2015-02-27 07:37:59', 2015, 2, 27, '8h-9h', 3, 170, '', 'fernandes_samantha', 0),
(683, '2015-02-27 07:40:54', 2015, 2, 27, '9h-10h', 1, 375, '', 'niel_audrey', 0),
(684, '2015-02-27 07:40:55', 2015, 2, 27, '9h-10h', 2, 376, '', 'niel_laura', 0),
(685, '2015-02-27 07:41:11', 2015, 2, 27, '8h-9h', 1, 437, '', 'sevrez_alexis', 0),
(686, '2015-02-27 07:41:44', 2015, 2, 27, '8h-9h', 4, 58, '', 'beyer_louis', 0),
(687, '2015-02-27 07:41:47', 2015, 2, 27, '8h-9h', 5, 92, '', 'cannizzaro_hugo', 0),
(688, '2015-02-27 07:42:07', 2015, 2, 27, '8h-9h', 6, 161, '', 'etienne_malory', 0),
(689, '2015-02-27 07:42:57', 2015, 2, 27, '8h-9h', 7, 452, '', 'stuber_benoit', 0),
(690, '2015-02-27 07:42:59', 2015, 2, 27, '8h-9h', 8, 240, '', 'herbomel_nathan', 0),
(691, '2015-02-27 07:43:09', 2015, 2, 27, '14h-15h', 2, 433, '', 'schroeder_thomas', 0),
(692, '2015-02-27 07:43:24', 2015, 2, 27, '8h-9h', 9, 142, '', 'dincher_alexandre', 0),
(693, '2015-02-27 07:44:45', 2015, 2, 27, '8h-9h', 10, 150, '', 'dubusse_antoine', 0),
(694, '2015-02-27 07:45:49', 2015, 2, 27, '10h-11h', 1, 188, '', 'frisch_sacha', 0),
(695, '2015-02-27 07:47:17', 2015, 2, 27, '10h-11h', 2, 306, '', 'lefebvre_emma', 0),
(696, '2015-02-27 07:47:46', 2015, 2, 27, '14h-15h', 3, 360, '', 'milan_zoe', 0),
(697, '2015-02-27 07:48:28', 2015, 2, 27, '9h-10h', 3, 122, '', 'de-bin_laura', 0),
(698, '2015-02-27 07:48:34', 2015, 2, 27, '9h-10h', 4, 130, '', 'demir_aleyna', 0),
(699, '2015-02-27 07:48:36', 2015, 2, 27, '9h-10h', 5, 71, '', 'boizet_alexia', 0),
(700, '2015-02-27 07:48:41', 2015, 2, 27, '9h-10h', 6, 143, '', 'dincher_manon', 0),
(701, '2015-02-27 07:50:14', 2015, 2, 27, '10h-11h', 3, 442, '', 'simonet_jose', 0),
(702, '2015-02-27 07:50:38', 2015, 2, 27, '8h-9h', 11, 365, '', 'morance_morgane', 0),
(703, '2015-02-27 07:50:51', 2015, 2, 27, '8h-9h', 12, 353, '', 'meyer_alicia', 0),
(704, '2015-02-27 07:50:52', 2015, 2, 27, '8h-9h', 13, 476, '', 'wecker_emilie', 0),
(705, '2015-02-27 07:54:43', 2015, 2, 27, '10h-11h', 4, 38, '', 'barrailhe_aurelien', 0),
(706, '2015-02-27 07:54:49', 2015, 2, 27, '10h-11h', 5, 228, '', 'hassan_thomas', 0),
(707, '2015-02-27 07:54:53', 2015, 2, 27, '10h-11h', 6, 399, '', 'poinsignon_florian', 0),
(708, '2015-02-27 07:55:04', 2015, 2, 27, '14h-15h', 4, 334, '', 'mansuy_herve', 0),
(709, '2015-02-27 07:55:34', 2015, 2, 27, '14h-15h', 5, 114, '', 'crater_jade', 0),
(710, '2015-02-27 07:55:36', 2015, 2, 27, '14h-15h', 6, 489, '', 'zidane_lina', 0),
(711, '2015-02-27 07:55:46', 2015, 2, 27, '10h-11h', 7, 330, '', 'magra_quentin', 0),
(712, '2015-02-27 07:57:04', 2015, 2, 27, '8h-9h', 14, 308, '', 'lemaitre_theo', 0),
(713, '2015-02-27 07:57:11', 2015, 2, 27, '8h-9h', 15, 54, '', 'berisa_ardijan', 0),
(714, '2015-02-27 07:59:00', 2015, 2, 27, '8h-9h', 16, 158, '', 'engel_nicolas', 0),
(715, '2015-02-27 07:59:03', 2015, 2, 27, '8h-9h', 17, 366, '', 'mosa_hugo', 0),
(716, '2015-02-27 07:59:13', 2015, 2, 27, '8h-9h', 18, 51, '', 'becker_alexis', 0),
(717, '2015-02-27 07:59:15', 2015, 2, 27, '8h-9h', 19, 206, '', 'gozdalski_baptiste', 0),
(718, '2015-02-27 07:59:22', 2015, 2, 27, '8h-9h', 20, 245, '', 'hoffart_lena', 0),
(719, '2015-02-27 07:59:34', 2015, 2, 27, '8h-9h', 21, 241, '', 'hesse_lesly', 0),
(720, '2015-02-27 08:01:35', 2015, 2, 27, '8h-9h', 22, 105, '', 'chmielewska_cedric', 0),
(721, '2015-02-27 08:01:37', 2015, 2, 27, '8h-9h', 23, 102, '', 'cherruault_aurelien', 0),
(732, '2015-02-27 08:54:01', 2015, 2, 27, '9h-10h', 16, 284, '', 'kran_hugo', 0),
(733, '2015-02-27 08:54:18', 2015, 2, 27, '9h-10h', 17, 95, '', 'cardia_hugo', 0),
(734, '2015-02-27 08:54:35', 2015, 2, 27, '14h-15h', 7, 348, '', 'mehira_rayan', 0),
(735, '2015-02-27 08:54:48', 2015, 2, 27, '9h-10h', 18, 115, '', 'cratz_justine', 0),
(736, '2015-02-27 08:55:01', 2015, 2, 27, '14h-15h', 8, 250, '', 'houpin_noemie', 0),
(737, '2015-02-27 08:55:22', 2015, 2, 27, '9h-10h', 19, 63, '', 'blaise_alison', 0),
(738, '2015-02-27 08:55:36', 2015, 2, 27, '9h-10h', 20, 213, '', 'grosse_elodie', 0),
(739, '2015-02-27 08:55:50', 2015, 2, 27, '14h-15h', 9, 70, '', 'bohr_clara', 0),
(740, '2015-02-27 08:56:08', 2015, 2, 27, '13h-14h', 2, 414, '', 'romano_valentin', 0),
(741, '2015-02-27 09:50:32', 2015, 2, 27, '10h-11h', 9, 156, '', 'durand_simon', 0),
(742, '2015-02-27 09:50:35', 2015, 2, 27, '10h-11h', 10, 90, '', 'burckhardt_mael', 0),
(743, '2015-02-27 09:50:40', 2015, 2, 27, '10h-11h', 11, 65, '', 'blameble_noah', 0),
(744, '2015-02-27 09:50:43', 2015, 2, 27, '10h-11h', 12, 480, '', 'weisse_lucas', 0),
(745, '2015-02-27 09:50:55', 2015, 2, 27, '10h-11h', 13, 87, '', 'brugnon_maeva', 0),
(746, '2015-02-27 09:51:01', 2015, 2, 27, '10h-11h', 14, 19, '', 'andre_floriane', 0),
(747, '2015-02-27 09:51:06', 2015, 2, 27, '10h-11h', 15, 455, '', 'tallarico_samantha', 0),
(748, '2015-02-27 09:51:10', 2015, 2, 27, '10h-11h', 16, 109, '', 'collingro_julien', 0),
(749, '2015-02-27 09:52:51', 2015, 2, 27, '14h-15h', 10, 246, '', 'hollard_etienne', 0),
(750, '2015-02-27 09:52:56', 2015, 2, 27, '14h-15h', 11, 383, '', 'oswald_alexis', 0),
(751, '2015-02-27 09:52:59', 2015, 2, 27, '14h-15h', 12, 416, '', 'rostoucher_lucas', 0),
(752, '2015-02-27 09:53:53', 2015, 2, 27, '14h-15h', 13, 8, '', 'akatay_enes', 0),
(753, '2015-02-27 09:54:11', 2015, 2, 27, '14h-15h', 14, 256, '', 'ipek_melissa', 0),
(754, '2015-02-27 09:54:14', 2015, 2, 27, '14h-15h', 15, 194, '', 'galmiche_zoe', 0),
(755, '2015-02-27 09:54:31', 2015, 2, 27, '10h-11h', 17, 386, '', 'palacio_marc', 0),
(756, '2015-02-27 09:54:43', 2015, 2, 27, '10h-11h', 18, 147, '', 'douet_maxime', 0),
(757, '2015-02-27 09:55:05', 2015, 2, 27, '14h-15h', 16, 422, '', 'santarini_alix', 0),
(758, '2015-02-27 09:55:15', 2015, 2, 27, '14h-15h', 17, 265, '', 'jobin_emilie', 0),
(759, '2015-02-27 09:55:29', 2015, 2, 27, '11h-12h', 1, 158, '', 'engel_nicolas', 0),
(760, '2015-02-27 09:55:32', 2015, 2, 27, '11h-12h', 2, 234, '', 'hehn_donovan', 0),
(761, '2015-02-27 09:55:38', 2015, 2, 27, '14h-15h', 18, 475, '', 'weber_yannis', 0),
(762, '2015-02-27 09:56:07', 2015, 2, 27, '14h-15h', 19, 315, '', 'leyendecker_maelys', 0),
(763, '2015-02-27 09:58:04', 2015, 2, 27, '10h-11h', 19, 221, '', 'guyon_lucas', 0),
(764, '2015-02-27 09:58:17', 2015, 2, 27, '10h-11h', 20, 253, '', 'hrbatovic_amila', 0),
(765, '2015-02-27 09:58:22', 2015, 2, 27, '10h-11h', 21, 141, '', 'dilek_asya', 0),
(766, '2015-02-27 09:58:54', 2015, 2, 27, '11h-12h', 3, 253, '', 'hrbatovic_amila', 0),
(767, '2015-02-27 09:58:57', 2015, 2, 27, '11h-12h', 4, 141, '', 'dilek_asya', 0),
(768, '2015-02-27 09:59:20', 2015, 2, 27, '13h-14h', 3, 306, '', 'lefebvre_emma', 0),
(769, '2015-02-27 09:59:31', 2015, 2, 27, '11h-12h', 5, 300, '', 'latarnik_benjamin', 0),
(770, '2015-02-27 09:59:34', 2015, 2, 27, '11h-12h', 6, 110, '', 'collingro_theo', 0),
(771, '2015-02-27 09:59:45', 2015, 2, 27, '14h-15h', 20, 300, '', 'latarnik_benjamin', 0),
(772, '2015-02-27 09:59:56', 2015, 2, 27, '14h-15h', 21, 288, '', 'kruse_katleen', 0),
(773, '2015-02-27 10:01:25', 2015, 2, 27, '14h-15h', 22, 278, '', 'khennous_shirine', 0),
(774, '2015-02-27 10:01:41', 2015, 2, 27, '11h-12h', 7, 491, '', 'zimmermann_boris', 0),
(775, '2015-02-27 10:01:45', 2015, 2, 27, '11h-12h', 8, 128, '', 'delles_benoit', 0),
(776, '2015-02-27 10:02:50', 2015, 2, 27, '10h-11h', 22, 184, '', 'frey_celia', 0),
(777, '2015-02-27 10:02:59', 2015, 2, 27, '13h-14h', 4, 435, '', 'semmelbeck_jean', 0),
(778, '2015-02-27 10:08:52', 2015, 2, 27, '11h-12h', 9, 437, '', 'sevrez_alexis', 0),
(779, '2015-02-27 10:09:12', 2015, 2, 27, '11h-12h', 10, 452, '', 'stuber_benoit', 0),
(780, '2015-02-27 10:09:56', 2015, 2, 27, '11h-12h', 11, 233, '', 'hector_julien', 0),
(781, '2015-02-27 11:00:20', 2015, 2, 27, '11h-12h', 12, 184, '', 'frey_celia', 0),
(782, '2015-02-27 11:01:07', 2015, 2, 27, '11h-12h', 13, 169, '', 'feltin_axel', 0),
(783, '2015-02-27 11:01:10', 2015, 2, 27, '11h-12h', 14, 22, '', 'antoine_ryan', 0),
(784, '2015-02-27 11:01:56', 2015, 2, 27, '11h-12h', 15, 221, '', 'guyon_lucas', 0),
(785, '2015-02-27 11:02:09', 2015, 2, 27, '11h-12h', 16, 447, '', 'spath_theo', 0),
(786, '2015-02-27 11:02:18', 2015, 2, 27, '11h-12h', 17, 231, '', 'hebert_tristan', 0),
(787, '2015-02-27 11:02:27', 2015, 2, 27, '11h-12h', 18, 454, '', 'tallarico_joseph', 0),
(788, '2015-02-27 11:03:18', 2015, 2, 27, '11h-12h', 19, 386, '', 'palacio_marc', 0),
(789, '2015-02-27 11:03:23', 2015, 2, 27, '11h-12h', 20, 147, '', 'douet_maxime', 0),
(790, '2015-02-27 12:04:20', 2015, 2, 27, '13h-14h', 5, 473, '', 'wazner_maxime', 0),
(791, '2015-02-27 12:52:23', 2015, 2, 27, '13h-14h', 6, 201, '', 'glaudon_arthur', 0),
(792, '2015-02-27 12:52:24', 2015, 2, 27, '13h-14h', 7, 442, '', 'simonet_jose', 0),
(793, '2015-02-27 12:52:28', 2015, 2, 27, '13h-14h', 8, 38, '', 'barrailhe_aurelien', 0),
(794, '2015-02-27 12:52:35', 2015, 2, 27, '13h-14h', 9, 228, '', 'hassan_thomas', 0),
(795, '2015-02-27 12:56:53', 2015, 2, 27, '13h-14h', 10, 330, '', 'magra_quentin', 0),
(796, '2015-02-27 12:57:04', 2015, 2, 27, '13h-14h', 11, 188, '', 'frisch_sacha', 0),
(797, '2015-02-27 13:10:53', 2015, 2, 27, '13h-14h', 12, 334, '', 'mansuy_herve', 0),
(798, '2015-02-27 13:10:59', 2015, 2, 27, '13h-14h', 13, 477, '', 'weiss_lucas', 0);

-- --------------------------------------------------------

--
-- Structure de la table `phpmyreservation_users`
--

CREATE TABLE IF NOT EXISTS `phpmyreservation_users` (
  `user_id` int(10) NOT NULL AUTO_INCREMENT,
  `user_is_admin` tinyint(1) NOT NULL DEFAULT '0',
  `user_email` varchar(100) COLLATE utf8_unicode_ci NOT NULL DEFAULT '',
  `user_password` varchar(1000) COLLATE utf8_unicode_ci NOT NULL DEFAULT '$1$k4i8pa2m$8f2o9QQ3.QTDpHJX4oLzN.',
  `user_name` varchar(100) COLLATE utf8_unicode_ci NOT NULL,
  `user_group` varchar(100) COLLATE utf8_unicode_ci NOT NULL,
  `user_reservation_reminder` tinyint(1) NOT NULL DEFAULT '0',
  PRIMARY KEY (`user_id`)
) ENGINE=MyISAM  DEFAULT CHARSET=utf8 COLLATE=utf8_unicode_ci AUTO_INCREMENT=497 ;

--
-- Contenu de la table `phpmyreservation_users`
--

INSERT INTO `phpmyreservation_users` (`user_id`, `user_is_admin`, `user_email`, `user_password`, `user_name`, `user_group`, `user_reservation_reminder`) VALUES
(1, 2, '', '$1$k4i8pa2m$4vAejiFPwf70SqdAUu/CO0', 'prof_doc', 'adm', 0),
(2, 1, '', '$1$k4i8pa2m$cKcLH3KXa3CKj5QLpQrQb.', 'aed', 'adm', 0),
(3, 3, '', '$1$k4i8pa2m$xVEu8.5bTwJHwGUsSpY.p1', 'mpb', 'adm', 0),
(4, 0, '', '$1$k4i8pa2m$lfSBnWiza4UG/SuI56TmD1', 'about_chloe', '6e4', 0),
(5, 0, '', '$1$k4i8pa2m$Qp1QDmIoB3qD19mLaLU1c1', 'ackermann_emily', '5e4', 0),
(6, 0, '', '$1$k4i8pa2m$lYgZDS5NW0.Ya38SchO8z.', 'adele_mathilde', '3e5', 0),
(7, 0, '', '$1$k4i8pa2m$m8vzDkjPRYbv6Pfsbwi///', 'aiouaz_ryana', '5e3', 0),
(8, 0, '', '$1$k4i8pa2m$ezhfq70QgSfIVT2ygyJRP1', 'akatay_enes', '6e2', 0),
(9, 0, '', '$1$k4i8pa2m$KHHJ6MF7Q7WsldEWA2GPP/', 'akkulak_gulbahar', '6e1', 0),
(10, 0, '', '$1$k4i8pa2m$xwn.b0nlJ3WlRBEqlXhK1/', 'akkulak_yeliz', '4e3', 0),
(11, 0, '', '$1$k4i8pa2m$tAH6EPRYH4sCAc7Q.ghf1.', 'albert_lea', '6e1', 0),
(12, 0, '', '$1$k4i8pa2m$H.nHetOgqR/3mu46T6Bnh/', 'albert_melissa', '3e3', 0),
(13, 0, '', '$1$k4i8pa2m$THqQwFv1.6/rYPH5zYghX/', 'albert_mickael', '5e4', 0),
(14, 0, '', '$1$k4i8pa2m$p4dE/Rp5/qvInAMVJwTyN1', 'aleo_tristan', '5e1', 0),
(15, 0, '', '$1$k4i8pa2m$yG89M1ZbOwhXKJSYyef1Q.', 'alessi_oceane', '4e3', 0),
(16, 0, '', '$1$k4i8pa2m$RBWiJ.MzCMhQ.FBcn3hTz0', 'alexandre_amandine', '6e4', 0),
(17, 0, '', '$1$k4i8pa2m$TmxTBI86z7jw7GMuBPT0l0', 'alexandre_anais', '6e4', 0),
(18, 0, '', '$1$k4i8pa2m$5JYWvrwng.OVdJ4019d8S1', 'amann_david', '3e5', 0),
(19, 0, '', '$1$k4i8pa2m$G7ukLCRgN.3Qfnn.s9CxY.', 'andre_floriane', '5e2', 0),
(20, 0, '', '$1$k4i8pa2m$JTpYMvb/3aWBZP1MYXdK30', 'antoine_marie', '4e4', 0),
(21, 0, '', '$1$k4i8pa2m$cl7MkH4jW33nBzUlwQZDZ.', 'antoine_pierre', '5e1', 0),
(22, 0, '', '$1$k4i8pa2m$zS4DIYOWR4IGfDxs3TGfL1', 'antoine_ryan', '4e3', 0),
(23, 0, '', '$1$k4i8pa2m$yuYK6W9JmbZ7UHeCUEGhM0', 'anton_kelly madison', '3e3', 0),
(24, 0, '', '$1$k4i8pa2m$xTjV3mjJL0Jeey9fOo4kO1', 'anton_oceane', '4e4', 0),
(25, 0, '', '$1$k4i8pa2m$7.OjId60gyjKt7xPoegB9/', 'arcaini_yohann', '4e1', 0),
(26, 0, '', '$1$k4i8pa2m$D1vfSHsZYWLCV/G39W7G60', 'arnold_charlene', '5e1', 0),
(27, 0, '', '$1$k4i8pa2m$LQSWiYBFUfLje.gtmXo4T/', 'artoni_franck', '5e2', 0),
(28, 0, '', '$1$k4i8pa2m$EJIrKmZcKszqzgUpRLPFy.', 'aubry_aurelien', '3e5', 0),
(29, 0, '', '$1$k4i8pa2m$n/l8JfYoCRinXJGZdXWYZ0', 'avdic_sabina', '3e3', 0),
(30, 0, '', '$1$k4i8pa2m$GAAssjsmFGxJmOVEOCnnZ0', 'aydin_seren', '3e4', 0),
(32, 0, '', '$1$k4i8pa2m$gyJl5y5g/lYSXTg1tpgbN0', 'bahtiri_kenan', '3e3', 0),
(33, 0, '', '$1$k4i8pa2m$BUDuQQiheULEFTgEnP5oz/', 'bahtiri_nadira', '6e4', 0),
(34, 0, '', '$1$k4i8pa2m$oGFEBjQXnQH6Hh7QRD2Pp.', 'bakija_fetija', '3e3', 0),
(35, 0, '', '$1$k4i8pa2m$6/rCuJLdjPx2JV6A1JUMB.', 'balind_olivia', '5e1', 0),
(36, 0, '', '$1$k4i8pa2m$6B7CV14ObzwZ4nHXW.Z621', 'barbei_emma', '5e3', 0),
(37, 0, '', '$1$k4i8pa2m$phcY3gXYQOOp8ShIHfGz4.', 'barbier_louis', '6e1', 0),
(38, 0, '', '$1$k4i8pa2m$8o8QwJG2fFkReGuOJgQvv/', 'barrailhe_aurelien', '5e1', 0),
(39, 0, '', '$1$k4i8pa2m$CwYR0wwgwyCUg9taoRXxV0', 'barrouta_makia', '4e1', 0),
(40, 0, '', '$1$k4i8pa2m$gMDbrQFIwGJ4v/1LLjFNR.', 'barroy_laetitia', '3e2', 0),
(41, 0, '', '$1$k4i8pa2m$1QMnwNQdQsVz/rbrmiQ2k/', 'barthelemy_caroline', '5e4', 0),
(42, 0, '', '$1$k4i8pa2m$8wluM96pqOhq8AcC5HRTJ/', 'barthelemy_coline', '3e3', 0),
(43, 0, '', '$1$k4i8pa2m$6NeKoqGqbfVNznh.ItrI50', 'barthelemy_jeanne', '5e4', 0),
(44, 0, '', '$1$k4i8pa2m$iEE.eHjZ5DOXJCChO6/JK.', 'barthelemy_paul', '3e3', 0),
(45, 0, '', '$1$k4i8pa2m$DVnzs8D58RzAIRuzSkAFP/', 'bartolini_andrea', '6e4', 0),
(46, 0, '', '$1$k4i8pa2m$UYnRNcvyko/Mh.Xv878e2.', 'basak_hazal', '4e3', 0),
(47, 0, '', '$1$k4i8pa2m$.EVxq0iPVH/dO3keVXp3M.', 'bastian_catherine', '3e2', 0),
(48, 0, '', '$1$k4i8pa2m$XQTm54AwQwsXDAIzMDP4P1', 'batache_nabil', '3e2', 0),
(49, 0, '', '$1$k4i8pa2m$YNjeXEsDRaWAf5zLXHbWu/', 'bauer_maxime', '6e4', 0),
(50, 0, '', '$1$k4i8pa2m$6Rcw1/YDC.In6TD4.HSbu.', 'bauer_thomas', '5e1', 0),
(51, 0, '', '$1$k4i8pa2m$PAinVch1OU/PzOR0c.cj71', 'becker_alexis', '6e1', 0),
(52, 0, '', '$1$k4i8pa2m$sFkT3HTmz.tzchIr3nIku0', 'becker_charlaine', '4e4', 0),
(53, 0, '', '$1$k4i8pa2m$VbWbotJBVD7aIlfydgM.p0', 'ben kilani_laura', '5e5', 0),
(54, 0, '', '$1$k4i8pa2m$MZe8iAO7o8xHDq2Ihed/..', 'berisa_ardijan', '6e1', 0),
(55, 0, '', '$1$k4i8pa2m$nlyRcTtKiQr8Tw7oGvy840', 'berko_stephane', '3e1', 0),
(56, 0, '', '$1$k4i8pa2m$ISVPIvuFmIDz2VLsGtr6w.', 'bertrand_nathanael', '4e1', 0),
(57, 0, '', '$1$k4i8pa2m$5n/J23RNRVAZOTPpTo8Yb1', 'bey_assia', '4e3', 0),
(58, 0, '', '$1$k4i8pa2m$AH0d4/9rqPVOuqUdBrMI8/', 'beyer_louis', '4e2', 0),
(59, 0, '', '$1$k4i8pa2m$0.i37XskbUSYJokMKMgiU1', 'bintz_pauline', '6e1', 0),
(60, 0, '', '$1$k4i8pa2m$TlBIgI1sEnBRqdrNGzM9M/', 'birkle_marion', '3e4', 0),
(61, 0, '', '$1$k4i8pa2m$kL1zFGOEGDiyAhkdsB5RS/', 'bitsch_fabrice', '5e5', 0),
(62, 0, '', '$1$k4i8pa2m$FVS0S5XSHv2ux4PIi06yQ1', 'bitte_alyson', '4e5', 0),
(63, 0, '', '$1$k4i8pa2m$/mpxop/Jw28rm1DZFi03i/', 'blaise_alison', '6e4', 0),
(64, 0, '', '$1$k4i8pa2m$hF/bTzRMD57jc4UpKPX2K/', 'blameble_alison', '3e2', 0),
(65, 0, '', '$1$k4i8pa2m$OR5UK.eYaz2gW08OhmZPS0', 'blameble_noah', '5e2', 0),
(66, 0, '', '$1$k4i8pa2m$WO/aBaKsIS5UsKFs34s/K0', 'blanc_lea', '3e5', 0),
(67, 0, '', '$1$k4i8pa2m$ZNITfRu2SbL701tadRjbN.', 'blanchard_caroline', '4e4', 0),
(68, 0, '', '$1$k4i8pa2m$YaKkN.BSq/lo5zzYJV1dE.', 'blanchard_steve', '3e3', 0),
(69, 0, '', '$1$k4i8pa2m$JDp84Tw0z0xClOxFczBxQ.', 'blondeau_lindsay', '4e1', 0),
(70, 0, '', '$1$k4i8pa2m$nr7A5tVzOI3UP6Anr.nXV1', 'bohr_clara', '6e2', 0),
(71, 0, '', '$1$k4i8pa2m$wPptuWAKt6IUfGFeRK1os0', 'boizet_alexia', '6e4', 0),
(72, 0, '', '$1$k4i8pa2m$jv65JMzrvdtdPkTFxwNez0', 'boizet_axelle', '3e3', 0),
(73, 0, '', '$1$k4i8pa2m$nGcUElNdJd9nXsGZzklZI1', 'bolle_sofia', '5e3', 0),
(74, 0, '', '$1$k4i8pa2m$qLGcfHRCp/QohkrZ4ijIq/', 'bonichot_camille', '3e3', 0),
(75, 0, '', '$1$k4i8pa2m$ixN4sA4rrTdH7WDBE352S/', 'bouabdellah_issam', '4e6', 0),
(76, 0, '', '$1$k4i8pa2m$zEqCZj2avCAlmOCNz825A1', 'bouaraara_adel', '4e2', 0),
(77, 0, '', '$1$k4i8pa2m$CGQHUTyu0xtaZi2sdUR.l1', 'boulfoul_lea', '3e4', 0),
(78, 0, '', '$1$k4i8pa2m$6iouFFNdAvIQtXnA/TKCx0', 'bourrion_paul', '4e4', 0),
(79, 0, '', '$1$k4i8pa2m$pQ9wRWMiwtuoAUAUDYUzl.', 'boussedour_lena', '6e3', 0),
(80, 0, '', '$1$k4i8pa2m$5ekqwVvNdpsegwllrMvcf0', 'bouvier_pierrick', '5e3', 0),
(81, 0, '', '$1$k4i8pa2m$L2oxvKsmUngh1zfaZ8Saj/', 'bouyakoub_assia', '5e1', 0),
(82, 0, '', '$1$k4i8pa2m$YzYPiJeBfMzj922keK7.9.', 'bouyakoub_salima', '3e4', 0),
(83, 0, '', '$1$k4i8pa2m$ktH6WNdREhd8ykWnhisZt.', 'brakta_chaima', '4e3', 0),
(84, 0, '', '$1$k4i8pa2m$dKKTtx80DNTXyZ8g4JXLZ.', 'brangbour_maeva', '3e1', 0),
(85, 0, '', '$1$k4i8pa2m$8Zl2rikudTKuYz.KQUqDv0', 'brasch_emilie', '3e5', 0),
(86, 0, '', '$1$k4i8pa2m$Mm.OMduUmdACNGI5cMvsK/', 'briot_anthony', '6e5', 0),
(87, 0, '', '$1$k4i8pa2m$H7kkdZQ8bdDA7K0zn6riZ1', 'brugnon_maeva', '5e2', 0),
(88, 0, '', '$1$k4i8pa2m$eoc5Sygb.YkmJ4Z3WU/uN/', 'bucher_chris', '5e5', 0),
(89, 0, '', '$1$k4i8pa2m$yzKGgeWen3e/7VU3QuZTY/', 'burckhardt_benjamin', '4e1', 0),
(90, 0, '', '$1$k4i8pa2m$Ai/e066G0zW/FUIbxKF0C.', 'burckhardt_mael', '5e2', 0),
(91, 0, '', '$1$k4i8pa2m$VVpq9Geja2yVhG0f9qbRp1', 'caldaras_davide', '3e3', 0),
(92, 0, '', '$1$k4i8pa2m$qphgJ7i6FQLUhtmH117Qm0', 'cannizzaro_hugo', '4e2', 0),
(93, 0, '', '$1$k4i8pa2m$CbuPeVsRH6wJdMIYNc4u30', 'canteneur_aurelie', '4e4', 0),
(94, 0, '', '$1$k4i8pa2m$izUfIOAdIQXZeVWaK4hNT/', 'canteneur_paul', '6e1', 0),
(95, 0, '', '$1$k4i8pa2m$NWoBFvAz0.FueVjaA9Qoa0', 'cardia_hugo', '6e4', 0),
(96, 0, '', '$1$k4i8pa2m$xpII8HnJbIgRIkLZw7g7p.', 'celestin_alexi', '4e6', 0),
(97, 0, '', '$1$k4i8pa2m$FwDW4/y8q0C/2eT8iNW8P/', 'cetin_asuman', '4e5', 0),
(98, 0, '', '$1$k4i8pa2m$f2eep75juuiSIashyzWvg1', 'cezard_elora', '5e3', 0),
(99, 0, '', '$1$k4i8pa2m$e2BmPz1nPXw0V4TkbFZ410', 'chadli_younes', '4e2', 0),
(100, 0, '', '$1$k4i8pa2m$asTIV5SfCFMMpwJU/46It0', 'charif_aissa', '3e4', 0),
(101, 0, '', '$1$k4i8pa2m$GzkqbvttIkeDFnTWM8SnX0', 'chateaux_kevin', '3e1', 0),
(102, 0, '', '$1$k4i8pa2m$xlP8HwsMH5hJVDPy3Tqzr.', 'cherruault_aurelien', '3e4', 0),
(103, 0, '', '$1$k4i8pa2m$wjSoIv6uiq3H4yfPv4fxG.', 'chery_amelie', '5e2', 0),
(104, 0, '', '$1$k4i8pa2m$RbA5jGYpbmu1fkqxuW8Cc1', 'chiquart_laurine', '5e1', 0),
(105, 0, '', '$1$k4i8pa2m$WnadnootksO0/KvXoZlQg/', 'chmielewska_cedric', '3e4', 0),
(106, 0, '', '$1$k4i8pa2m$PHEFltQInoRsIlGtMvQFk.', 'clasquin_nicolas', '3e5', 0),
(107, 0, '', '$1$k4i8pa2m$XJFzBAzgVE3cDgEDju.8a/', 'clivio_jessica', '6e5', 0),
(108, 0, '', '$1$k4i8pa2m$QNOy.Cp2jPYBX1qiSkaKB1', 'collin_theo', '6e2', 0),
(109, 0, '', '$1$k4i8pa2m$gzaVvbgN/pHUg.cfq0Fas1', 'collingro_julien', '5e2', 0),
(110, 0, '', '$1$k4i8pa2m$H9OdU7HvTvxfXr6vXCImF/', 'collingro_theo', '4e2', 0),
(111, 0, '', '$1$k4i8pa2m$Yw.RLoIqswKQM5sxMCa4m/', 'cornet_marie_amelie', '3e2', 0),
(112, 0, '', '$1$k4i8pa2m$kZABrMmfwmZdC/IVtF89p0', 'cosera_alizee', '5e3', 0),
(113, 0, '', '$1$k4i8pa2m$3Q6q7uecomcd9T7sOOHj..', 'courte_lucy', '5e1', 0),
(114, 0, '', '$1$k4i8pa2m$QWyFZyckisaRDVtcF325t0', 'crater_jade', '4e1', 0),
(115, 0, '', '$1$k4i8pa2m$ppVQv34cAOfbQajljEWY81', 'cratz_justine', '6e4', 0),
(116, 0, '', '$1$k4i8pa2m$Kle0rnd4vRYLylnHNDv.A0', 'crempt_benjamin', '5e4', 0),
(117, 0, '', '$1$k4i8pa2m$.IBCdyY5kxdIbEO1UcCcB/', 'cronauer_flavien', '4e1', 0),
(118, 0, '', '$1$k4i8pa2m$lh6lswbE6TeFASAFnyDdl1', 'croutsch_loic', '5e4', 0),
(119, 0, '', '$1$k4i8pa2m$gzpwF9YwefJ7urfQ7MA6G0', 'da silva_hugo', '5e4', 0),
(120, 0, '', '$1$k4i8pa2m$JpgXpgwmVj6Va4afk3UO./', 'damilo_guillaume', '3e5', 0),
(121, 0, '', '$1$k4i8pa2m$JWoClEawX4owNRg.1dM1v1', 'de almeida_luana', '3e2', 0),
(122, 0, '', '$1$k4i8pa2m$rm/9CdD6t.Lec/1YXJmje1', 'de_bin_laura', '6e4', 0),
(123, 0, '', '$1$k4i8pa2m$kbwi1E/TDu0pzotTwKOL.1', 'dehu_emilie', '3e2', 0),
(124, 0, '', '$1$k4i8pa2m$rSVDz1mK35oCigstya8D..', 'delahaye_anthony', '4e1', 0),
(125, 0, '', '$1$k4i8pa2m$bH/g6J28H2e1gByGw9qbq1', 'delahaye_floran', '6e2', 0),
(126, 0, '', '$1$k4i8pa2m$K023TRKO7WHHHysTaijEj0', 'delannoy_emmanuel', '5e4', 0),
(127, 0, '', '$1$k4i8pa2m$PI5uEnIzRUqEJp29/kDdE1', 'delesderrier_judicael', '5e5', 0),
(128, 0, '', '$1$k4i8pa2m$y2mbPWOVfAZqwjFP4rLA01', 'delles_benoit', '3e1', 0),
(129, 0, '', '$1$k4i8pa2m$zrJQYjLwbAEw7PFaeLNBs.', 'delles_simon', '4e4', 0),
(130, 0, '', '$1$k4i8pa2m$4AvN5TI3MviqmeI7Dc4vS.', 'demir_aleyna', '6e4', 0),
(131, 0, '', '$1$k4i8pa2m$a0v.KCrco8ys3Gelfbkga.', 'dempt_charlene', '4e4', 0),
(132, 0, '', '$1$k4i8pa2m$6fvHdmaoAjihABh.xPWeS/', 'dervaux_ambre', '5e3', 0),
(133, 0, '', '$1$k4i8pa2m$KHulcp1q8fsCr729ebfAS.', 'dervaux_isaline', '3e3', 0),
(134, 0, '', '$1$k4i8pa2m$/M5X9rlzDzxdzpR.5rC.d1', 'deslandes_louis', '5e2', 0),
(135, 0, '', '$1$k4i8pa2m$wFpLG7Oy0VzFWsiFMyPQQ/', 'dettori_enzo', '5e2', 0),
(136, 0, '', '$1$k4i8pa2m$pCiCMdZqlvXyeQ6YvqH3j.', 'dettori_matthias', '4e5', 0),
(137, 0, '', '$1$k4i8pa2m$Uhp/45jNQyi2haa1FxZ3d0', 'dettori_tom', '5e2', 0),
(138, 0, '', '$1$k4i8pa2m$SkSx3ti.87Kxzkf86qt8n/', 'deubel_maxime', '5e1', 0),
(139, 0, '', '$1$k4i8pa2m$LhPcmhUhJqwQlDT6kkXhn.', 'didier_laurent_emilie', '4e3', 0),
(140, 0, '', '$1$k4i8pa2m$Ismimg8aR8Vv7WYsfm7oR1', 'didot_camille', '4e4', 0),
(141, 0, '', '$1$k4i8pa2m$s/8JMCJ9aQdq9F3bv7n3x/', 'dilek_asya', '5e1', 0),
(142, 0, '', '$1$k4i8pa2m$7K6FEQNjUFPu5fRwSwY.F.', 'dincher_alexandre', '4e5', 0),
(143, 0, '', '$1$k4i8pa2m$bK67xvIAYJOV5uCa4qL7C1', 'dincher_manon', '6e4', 0),
(144, 0, '', '$1$k4i8pa2m$XxKV7xL74eLM4Dbkz5tbB1', 'dinquer_andrea', '4e2', 0),
(145, 0, '', '$1$k4i8pa2m$lk1duGw4/CVp834s42Slh0', 'djeddid_najib', '4e5', 0),
(146, 0, '', '$1$k4i8pa2m$Nfaczg3JyCk3T72BrabGF0', 'dorkeld_tatiana', '4e6', 0),
(147, 0, '', '$1$k4i8pa2m$9zSnC5MQoOWH5Oi.6NKJB1', 'douet_maxime', '3e3', 0),
(148, 0, '', '$1$k4i8pa2m$1l0Mt19jWNLnOd7Tgw1.6.', 'drui_yohan', '5e4', 0),
(149, 0, '', '$1$k4i8pa2m$X6btnq03aW6AESisGt7L81', 'dubois_jade', '4e2', 0),
(150, 0, '', '$1$k4i8pa2m$IDCVSE9/fBjyED6SkVYIq1', 'dubusse_antoine', '6e2', 0),
(151, 0, '', '$1$k4i8pa2m$00s9pYeGOrankIMsp795A/', 'dubusse_laura', '3e5', 0),
(152, 0, '', '$1$k4i8pa2m$nsk/QkZpo.R891RafOf9w1', 'dufrenne_julie', '6e3', 0),
(153, 0, '', '$1$k4i8pa2m$N2cq4TPnMxC5fS3wu4UTA/', 'dugour_julie', '5e4', 0),
(154, 0, '', '$1$k4i8pa2m$BLNHLICbNZKx4FryT8WAr.', 'dugour_manon', '6e1', 0),
(155, 0, '', '$1$k4i8pa2m$5uE67ohSgt6gOpYWomMnl.', 'dumetier_sarah', '4e1', 0),
(156, 0, '', '$1$k4i8pa2m$2jlW4jf3y6kk0W6Ta74Rg1', 'durand_simon', '5e2', 0),
(157, 0, '', '$1$k4i8pa2m$75YJVt99qDPSNwX7p4eYh/', 'durthaler_corentin', '6e2', 0),
(158, 0, '', '$1$k4i8pa2m$mR0h46IBO.tvCSbHL8YMB.', 'engel_nicolas', '4e2', 0),
(159, 0, '', '$1$k4i8pa2m$ZPUmFzXqfvp6gpupeQZxH.', 'eraltin_erdem', '3e4', 0),
(160, 0, '', '$1$k4i8pa2m$kaVH6ovHDSfwfUIZORFZB1', 'erbs_anais', '3e2', 0),
(161, 0, '', '$1$k4i8pa2m$ikl9TOcQvQrgUQ3FO0khn.', 'etienne_malory', '4e2', 0),
(162, 0, '', '$1$k4i8pa2m$yI9pSuyoduBaCM0Pc9ifB.', 'even_julien', '5e3', 0),
(163, 0, '', '$1$k4i8pa2m$xpVJonTu6XglOQpPRzEVy0', 'eyermann_alicia', '6e5', 0),
(164, 0, '', '$1$k4i8pa2m$JVIry6zsfe.dtlzvKlo990', 'eyermann_dylan', '5e5', 0),
(165, 0, '', '$1$k4i8pa2m$kyzjH0foLM4cgGUCp7Tqq1', 'falcone_marine', '3e3', 0),
(166, 0, '', '$1$k4i8pa2m$Eo8qKi/nEuPs6bryVlJjL.', 'falcone_morgane', '4e5', 0),
(167, 0, '', '$1$k4i8pa2m$/MuxksUkesUzRpg32JGgq/', 'fancello_costa', '4e1', 0),
(168, 0, '', '$1$k4i8pa2m$10fIPeHI8czbtIxJSscN80', 'fatnassi_mayssa', '5e2', 0),
(169, 0, '', '$1$k4i8pa2m$0Fk8zn1db4ww3UZw1qJ/T.', 'feltin_axel', '4e3', 0),
(170, 0, '', '$1$k4i8pa2m$RuyUCSQRrgxjRrc1Ul6Gm/', 'fernandes_samantha', '4e5', 0),
(171, 0, '', '$1$k4i8pa2m$JCTTCZdit/vgUXCk/.9eJ/', 'fery_pauline', '3e4', 0),
(172, 0, '', '$1$k4i8pa2m$Sr/Y69rsQSZpAb7hO7t7D/', 'fillmann_colin', '5e3', 0),
(173, 0, '', '$1$k4i8pa2m$PObZZHZD.3Os1hHZagh.t1', 'fiorini_enzo', '4e1', 0),
(174, 0, '', '$1$k4i8pa2m$5NOZ4mA17c5kbxDbbmfIm/', 'fiorini_paul', '3e2', 0),
(175, 0, '', '$1$k4i8pa2m$C79bMvBzXynwoyvcFr22G.', 'flauss_cassandra', '6e5', 0),
(176, 0, '', '$1$k4i8pa2m$LmXaNfOjLfC4aMcb3XGY1.', 'flore_clara', '6e3', 0),
(177, 0, '', '$1$k4i8pa2m$qelTx2uUoylaVLjTjA6SX1', 'floret_adeline', '4e6', 0),
(178, 0, '', '$1$k4i8pa2m$V73NwGaOj439FUFjVl6.w/', 'fodczuk_ludovic', '4e4', 0),
(179, 0, '', '$1$k4i8pa2m$OPal2.nHaAuyl2Ik8PeJ7.', 'foltz_manon', '6e3', 0),
(180, 0, '', '$1$k4i8pa2m$cfhn/zdfN1yKia4Wn0vkN.', 'fortier_bryan', '5e2', 0),
(181, 0, '', '$1$k4i8pa2m$VeOEEW7ev25yntUKrXkqC0', 'fortier_justine', '6e3', 0),
(182, 0, '', '$1$k4i8pa2m$qiRWPjcnwLIxFa/dzPM3l/', 'fortier_nathan', '4e6', 0),
(183, 0, '', '$1$k4i8pa2m$UK8k2M0y797Ztqwo8or5j0', 'fresi_matteo', '6e1', 0),
(184, 0, '', '$1$k4i8pa2m$RceYK.w64ax.Z0nleG.3p1', 'frey_celia', '5e2', 0),
(185, 0, '', '$1$k4i8pa2m$xljUFTGBdez6QBPhu0DHU/', 'frezier_lucas', '5e4', 0),
(186, 0, '', '$1$k4i8pa2m$Gl8tMd0.Xh4iqE9XqT4iz.', 'friedrich_mathilde', '3e3', 0),
(187, 0, '', '$1$k4i8pa2m$mr8RV9AgdVGdngLPCs6WQ/', 'friedrich_tom', '6e3', 0),
(188, 0, '', '$1$k4i8pa2m$dp6uK6dcr/h/lLFFy/SLv1', 'frisch_sacha', '5e1', 0),
(189, 0, '', '$1$k4i8pa2m$zaaugvwofgrJBk4ySsTCs.', 'frisches_chloe', '4e6', 0),
(190, 0, '', '$1$k4i8pa2m$ktccr7qXHsbn6d9L3bIEa1', 'fuss_alisone', '4e6', 0),
(191, 0, '', '$1$k4i8pa2m$w9ETYkCO/pR.RAAGShowZ0', 'gaillot_amelie', '3e1', 0),
(192, 0, '', '$1$k4i8pa2m$w4oFfHgzfiTDxhNTzMAtN.', 'galliot_salome', '3e2', 0),
(193, 0, '', '$1$k4i8pa2m$cpE9ci8MzY8uqlgOQupsz1', 'gallois_maureen', '3e4', 0),
(194, 0, '', '$1$k4i8pa2m$Zqdm6AJVIO3GFLQJ5g0/o.', 'galmiche_zoe', '6e2', 0),
(195, 0, '', '$1$k4i8pa2m$C7gNAaZb667FXgNJNvO.y0', 'garni_jonathan', '4e3', 0),
(196, 0, '', '$1$k4i8pa2m$zzx0jtJQXbVWGDGbJK.Ky/', 'geib_charlene', '6e2', 0),
(197, 0, '', '$1$k4i8pa2m$6cDigJ2kEsqG1Fn5DoSyO.', 'germain_adrien', '4e6', 0),
(198, 0, '', '$1$k4i8pa2m$BfXRZsg8cS/knAKyiQSjD.', 'gima_sadije', '3e1', 0),
(199, 0, '', '$1$k4i8pa2m$T/HTZt59OAXqQYB27MPXH1', 'gima_sibel_can', '4e5', 0),
(200, 0, '', '$1$k4i8pa2m$Aec2VaUP9yO/QJAFYhWCu0', 'girard_emilien', '6e5', 0),
(201, 0, '', '$1$k4i8pa2m$nR780o9FX7HsYolUZzxfx0', 'glaudon_arthur', '5e1', 0),
(202, 0, '', '$1$k4i8pa2m$SPHlG/E4VYqpgWwkcCfjL.', 'goksel_kaan', '5e2', 0),
(203, 0, '', '$1$k4i8pa2m$8/c2tmXs8M1ETLedZQseY/', 'goksel_nursel', '3e1', 0),
(204, 0, '', '$1$k4i8pa2m$h72oRQs86EnTuCOvS7ixv1', 'gosset_camille', '5e2', 0),
(205, 0, '', '$1$k4i8pa2m$1IFGQCWJzlrWK1vdKqB/M.', 'gosset_theo', '6e2', 0),
(206, 0, '', '$1$k4i8pa2m$vRz2G0RveSVVNBduzS8X00', 'gozdalski_baptiste', '6e1', 0),
(207, 0, '', '$1$k4i8pa2m$OjyIeZvq/JOLjguqgHksS/', 'gozdalski_juliette', '4e4', 0),
(208, 0, '', '$1$k4i8pa2m$Q7rpM.Y27uVfkTDqd6c2s1', 'gran_julien', '3e2', 0),
(209, 0, '', '$1$k4i8pa2m$ystVOr.odf.Hf.6GXm1A1/', 'grana_jeremy', '3e4', 0),
(210, 0, '', '$1$k4i8pa2m$lzse1tPgICnJlVEM60iQz1', 'grandgenevre_lisa', '5e3', 0),
(211, 0, '', '$1$k4i8pa2m$Nt4CSCUAEc17GRGvQvFzU/', 'gratius_manon', '6e3', 0),
(212, 0, '', '$1$k4i8pa2m$jq64h0vQ44y5ZeloNl0n71', 'gretten_lea', '4e6', 0),
(213, 0, '', '$1$k4i8pa2m$Acn4j3cMw5.zs0tBXR3BS1', 'grosse_elodie', '6e4', 0),
(214, 0, '', '$1$k4i8pa2m$XBLqmyyaD.Ka1VMFc/TcJ/', 'grosse_florian', '6e4', 0),
(215, 0, '', '$1$k4i8pa2m$wThfVhytBPamBNiRcpl5c.', 'grourou_ines', '3e1', 0),
(216, 0, '', '$1$k4i8pa2m$KrAPOa6np2awGJyOtoxuy0', 'gueret_valentine', '3e2', 0),
(217, 0, '', '$1$k4i8pa2m$gXS1129jI/P1pB9j3ZzPU/', 'guillebault_jean_simon', '4e4', 0),
(218, 0, '', '$1$k4i8pa2m$apJB4QnNwQLxUUGNO6SHw0', 'guinet_nicolas', '3e3', 0),
(219, 0, '', '$1$k4i8pa2m$STIV9ktTwG9mlo91jsdgu.', 'gur_eda', '6e2', 0),
(220, 0, '', '$1$k4i8pa2m$/S98rT1SkAzFm0rRN9DT7.', 'gutehrle_emma', '4e4', 0),
(221, 0, '', '$1$k4i8pa2m$WSMswmhPVp/z5HthwA.9k.', 'guyon_lucas', '5e1', 0),
(222, 0, '', '$1$k4i8pa2m$N8MZOFflm.FXNNBp2O5YB/', 'hadji_amel', '5e4', 0),
(223, 0, '', '$1$k4i8pa2m$Xz/o7ivjlBpdikxtpR7kC/', 'hadji_tarek', '4e4', 0),
(224, 0, '', '$1$k4i8pa2m$819HNmKV2jAJSfyIfcLBq.', 'hamant_arthur', '3e4', 0),
(225, 0, '', '$1$k4i8pa2m$o5lLQRvEbFw6T3ZSYA8Fo0', 'hanif_jasmine', '4e5', 0),
(226, 0, '', '$1$k4i8pa2m$pI2Dk4fcOaIGuaMgLtGR9.', 'hanif_ryad', '4e2', 0),
(227, 0, '', '$1$k4i8pa2m$HATAGvGTqw1k65Q6z1ME71', 'hannequart_melynda', '4e1', 0),
(228, 0, '', '$1$k4i8pa2m$GHbnNaK8fwLQwPsy7zdgq0', 'hassan_thomas', '5e1', 0),
(229, 0, '', '$1$k4i8pa2m$2en4OcPX08.z8IGWaxKsE.', 'hauser_nathan', '5e3', 0),
(230, 0, '', '$1$k4i8pa2m$uFZEiqqZPXam18yPqOl5J0', 'hebert_alexia', '4e5', 0),
(231, 0, '', '$1$k4i8pa2m$89PhuWi2y6ktY64zjHSTD0', 'hebert_tristan', '3e1', 0),
(232, 0, '', '$1$k4i8pa2m$nuYYUWB.XaBrLR/Up30o10', 'heckel_marine', '5e4', 0),
(233, 0, '', '$1$k4i8pa2m$OtrUCi3Kepyz95mzWEtJd.', 'hector_julien', '4e1', 0),
(234, 0, '', '$1$k4i8pa2m$E5e189B5Z6TLOvFDhu3wG1', 'hehn_donovan', '4e2', 0),
(235, 0, '', '$1$k4i8pa2m$l54q4k.tXoQ/ayJtmj8nn/', 'hehn_ryan', '6e2', 0),
(236, 0, '', '$1$k4i8pa2m$ija.KSok89IuS9e3awba0.', 'heib_tressy', '5e5', 0),
(237, 0, '', '$1$k4i8pa2m$GRg8PDqUjIDU.8DcfQIyv0', 'hene_zlotorowicz_thibault', '5e3', 0),
(238, 0, '', '$1$k4i8pa2m$afosU7d2X1cpfzHpeWfVy1', 'henocque_ambre', '3e3', 0),
(239, 0, '', '$1$k4i8pa2m$Ak2aKHKCt8ec22GmwFnNf.', 'henocque_greyson', '6e2', 0),
(240, 0, '', '$1$k4i8pa2m$I9FVHck/n64OC0HePgZyk.', 'herbomel_nathan', '4e3', 0),
(241, 0, '', '$1$k4i8pa2m$ScPnlethQ6.ZBSPqOB6D91', 'hesse_lesly', '6e3', 0),
(242, 0, '', '$1$k4i8pa2m$xGYPgh6T3c2Sa/MMwu.9c0', 'hitz_julie', '5e3', 0),
(243, 0, '', '$1$k4i8pa2m$lJYSJhHRtUrIrdYqFVCEB.', 'hoerner_elise', '4e4', 0),
(244, 0, '', '$1$k4i8pa2m$ootm8lJScS3aJp8CAfmT9/', 'hoff_aurelien', '3e5', 0),
(245, 0, '', '$1$k4i8pa2m$z.YNoI9ohiVe2hbJxhBSx1', 'hoffart_lena', '6e2', 0),
(246, 0, '', '$1$k4i8pa2m$mt1WWSAIc8YVi0uZFZsST0', 'hollard_etienne', '6e4', 0),
(247, 0, '', '$1$k4i8pa2m$5SZ7/GJrMofwu6HVtwBVX1', 'holzer_chloe', '3e2', 0),
(248, 0, '', '$1$k4i8pa2m$qBXUws.kPj1KpfE11Ga7c.', 'houpert_kevin', '6e1', 0),
(249, 0, '', '$1$k4i8pa2m$jcKX0vlPjI2ENUdkhy2Vk0', 'houpin_mateo', '6e2', 0),
(250, 0, '', '$1$k4i8pa2m$29DL3IZluStyucbX9j8Om/', 'houpin_noemie', '6e2', 0),
(251, 0, '', '$1$k4i8pa2m$HzfDv.yz9diAveiuBce2K0', 'houpin_valentin', '3e4', 0),
(252, 0, '', '$1$k4i8pa2m$wcgq3EMldD3ZThBBB7uIO.', 'housard_de_la_potterie_bertrand', '3e1', 0),
(253, 0, '', '$1$k4i8pa2m$g7NlnVhZPev7ouZqdyKja1', 'hrbatovic_amila', '5e1', 0),
(254, 0, '', '$1$k4i8pa2m$Uf3bTsx17VOCwHsdGLZD4/', 'humbert_guillaume', '3e1', 0),
(255, 0, '', '$1$k4i8pa2m$Oo18Lx0xnYDiShUgMDTV11', 'ilbay_elsa', '4e5', 0),
(256, 0, '', '$1$k4i8pa2m$x4KhwJoHrf8eYKRdFoV261', 'ipek_melissa', '6e2', 0),
(257, 0, '', '$1$k4i8pa2m$v1IwyrENk4t1np3vz6bwD0', 'jacob_loan', '5e2', 0),
(258, 0, '', '$1$k4i8pa2m$B/D4W7LXW9xilmDHrYJs8.', 'jacob_oceane', '3e4', 0),
(259, 0, '', '$1$k4i8pa2m$HKUfhIosSRk.VSQFMLxqU1', 'jacquemin_charlotte', '4e5', 0),
(260, 0, '', '$1$k4i8pa2m$BvqqRO6INz2AavCfbl1vV0', 'jacquet_rendhal', '3e5', 0),
(261, 0, '', '$1$k4i8pa2m$nEA9fLzUhT.BqIVGFRWOV1', 'jayer_valentin', '3e2', 0),
(262, 0, '', '$1$k4i8pa2m$/wHcxc7mI5xIHjCRkgLvR1', 'jean_lee_jane', '4e2', 0),
(263, 0, '', '$1$k4i8pa2m$aWHXdPntfWECjfpDVQOjc/', 'jehle_bastien', '5e5', 0),
(264, 0, '', '$1$k4i8pa2m$VL1KEUpezHj5YC84vakJj.', 'jobard_stella', '4e2', 0),
(265, 0, '', '$1$k4i8pa2m$u5OrT3kkjv4Y/ioP1f7On0', 'jobin_emilie', '6e2', 0),
(266, 0, '', '$1$k4i8pa2m$0mnBrUzmQKmG0glOzXI4V0', 'kannengiesser_nathan', '5e1', 0),
(267, 0, '', '$1$k4i8pa2m$sWa5QvTy5QneV2.O/N2gN0', 'karahan_sefa', '4e3', 0),
(268, 0, '', '$1$k4i8pa2m$8wkkDvBImN/.1Bo2sYzFh/', 'karimova_hamida', '3e1', 0),
(269, 0, '', '$1$k4i8pa2m$U2oWqy1dFyqlM/k6T7a1S.', 'karst_jeremy', '4e4', 0),
(270, 0, '', '$1$k4i8pa2m$MpM2P34r8ubxE.RiO2olC/', 'kaygun_eren_can', '4e3', 0),
(271, 0, '', '$1$k4i8pa2m$ozb66SxBEC4rXbmN/hyRd.', 'kaygun_nazli', '5e3', 0),
(272, 0, '', '$1$k4i8pa2m$RKmOUAutg/SDYp.VNqP4t0', 'keip_julian', '4e5', 0),
(273, 0, '', '$1$k4i8pa2m$gmE1DfKExkkatoAJuhlm0.', 'kempfer_manon', '5e2', 0),
(274, 0, '', '$1$k4i8pa2m$j9bz06hcPg6GtCVHmfFWG0', 'kempfer_maureen', '4e1', 0),
(275, 0, '', '$1$k4i8pa2m$.uAZxZH32sCtx9vo9oR3M/', 'kennel_alexandra', '6e1', 0),
(276, 0, '', '$1$k4i8pa2m$V.xlA3P9sJHKRAYoGpOiz1', 'kennel_priscillia', '5e1', 0),
(277, 0, '', '$1$k4i8pa2m$L2CGOokEJp3iHhcLwp90V1', 'khennous_camelia', '3e3', 0),
(278, 0, '', '$1$k4i8pa2m$Ji.jJke51npPAZrmewhJs1', 'khennous_shirine', '6e2', 0),
(279, 0, '', '$1$k4i8pa2m$webKEVpaUxTaQMslAuqVA.', 'khereidine_yannis', '4e5', 0),
(280, 0, '', '$1$k4i8pa2m$xGm6vNDCfEosmOv.KMF7z.', 'kiffeurt_thibauld', '5e3', 0),
(281, 0, '', '$1$k4i8pa2m$..fQaLcF/FaK9YY2oyZ3x.', 'klein_camille', '6e2', 0),
(282, 0, '', '$1$k4i8pa2m$px1VtGXdqTsSTnlfBjsAS1', 'klein_maxime', '3e5', 0),
(283, 0, '', '$1$k4i8pa2m$r52Qcxzelr7FMH45v2I03/', 'knoepfly_marjorie', '4e5', 0),
(284, 0, '', '$1$k4i8pa2m$IPEWSvPsMAOi6YoFep7Hv1', 'kran_hugo', '5e3', 0),
(285, 0, '', '$1$k4i8pa2m$wdp4C/2eHGq1PrxVeboeb1', 'kremeur_joris', '6e2', 0),
(286, 0, '', '$1$k4i8pa2m$tie9RpJaHZtMfIRUky4b21', 'krieger_lucas', '3e2', 0),
(287, 0, '', '$1$k4i8pa2m$CpRj19X0py0R9oyJ8Gl6O.', 'krieger_thibaut', '5e2', 0),
(288, 0, '', '$1$k4i8pa2m$m5j9asaCtLtrhSxvy8k7K0', 'kruse_katleen', '6e3', 0),
(289, 0, '', '$1$k4i8pa2m$EzwXMweMhwN0ZT51xYxIS/', 'kugler_boris', '3e3', 0),
(290, 0, '', '$1$k4i8pa2m$eJDvz7Bg6TOebbgyz9JH81', 'kugler_georges', '6e3', 0),
(291, 0, '', '$1$k4i8pa2m$J.C6HotXQY6paCTkn8/sc.', 'kuhn_nicolas', '3e4', 0),
(292, 0, '', '$1$k4i8pa2m$yavOy6mAZ7fCuCyr5aWkv1', 'kultur_filiz', '4e1', 0),
(293, 0, '', '$1$k4i8pa2m$I5GrNj0on/gcYjo48a5O6.', 'kultur_medine', '6e1', 0),
(294, 0, '', '$1$k4i8pa2m$xJho1UndzVjRpHq2gdyLT/', 'kultur_sevim', '3e1', 0),
(295, 0, '', '$1$k4i8pa2m$cWRSwj0AZ0AE.xr3xdvHo1', 'kuntz_alexandre', '6e5', 0),
(296, 0, '', '$1$k4i8pa2m$gXglGuteifnl1jvPUQG9W1', 'kustra_morgane', '4e4', 0),
(297, 0, '', '$1$k4i8pa2m$ywUp.D5ilJZYKzMDdL47J.', 'lannevere_laura', '4e2', 0),
(298, 0, '', '$1$k4i8pa2m$8B1zkhPskh01P13NPBoci1', 'lantz_andrea', '5e4', 0),
(299, 0, '', '$1$k4i8pa2m$uPOc6ECrYNK7tGvJJoIgw/', 'lapointe_camille', '5e2', 0),
(300, 0, '', '$1$k4i8pa2m$Vu44Bwb.kONpfTip/JxUv/', 'latarnik_benjamin', '4e1', 0),
(301, 0, '', '$1$k4i8pa2m$pg8vHPP6eKf/EB63gODwm1', 'lauer_emma', '6e1', 0),
(302, 0, '', '$1$k4i8pa2m$vW2IoLl7LQ9MgohxSD9ff0', 'laurentjoie_hugo', '6e5', 0),
(303, 0, '', '$1$k4i8pa2m$QvJx3vLP28Y5IfeF3Vq.P0', 'le_gall_tanguy', '5e5', 0),
(304, 0, '', '$1$k4i8pa2m$LMAYd6/vPhkWBQrXQRCJT0', 'lebrun_maxime', '3e5', 0),
(305, 0, '', '$1$k4i8pa2m$cXEhQ4reZF5tL7ebn6Nw/0', 'leduc_leo', '4e3', 0),
(306, 0, '', '$1$k4i8pa2m$L7iuRAXjeQFVufhaGI839/', 'lefebvre_emma', '5e1', 0),
(307, 0, '', '$1$k4i8pa2m$NbzsmXVOR1y483SgeS1T..', 'leili_ines', '6e3', 0),
(308, 0, '', '$1$k4i8pa2m$sfGLoEQKX5KtmRppxm.RO1', 'lemaitre_theo', '6e4', 0),
(309, 0, '', '$1$k4i8pa2m$4Ba26rXqy1ihBth0mBQXa0', 'lemarquis_alexis', '6e5', 0),
(310, 0, '', '$1$k4i8pa2m$OO4tb/CFCYDXncNc.u.mJ0', 'lenoir_allan', '3e5', 0),
(311, 0, '', '$1$k4i8pa2m$7ieRBEJN.0NTAScxYnBZt1', 'lenoir_logan', '4e5', 0),
(312, 0, '', '$1$k4i8pa2m$SvXgYSQisVkgF0SVJw/Qw0', 'lerch_antoine', '5e5', 0),
(313, 0, '', '$1$k4i8pa2m$ctpfaQGB0z7ACFcOwz3rN.', 'letzelter_guillaume', '3e1', 0),
(314, 0, '', '$1$k4i8pa2m$8X5ts3JhgUrVisaA0G3Z5.', 'leyendecker_justine', '3e1', 0),
(315, 0, '', '$1$k4i8pa2m$CdXrB5bOVozXfTMWGjUzM0', 'leyendecker_maelys', '6e3', 0),
(316, 0, '', '$1$k4i8pa2m$e061DEYrE79SY4tF.3d9D1', 'liabaud_chelsy', '6e1', 0),
(317, 0, '', '$1$k4i8pa2m$aEOaAx.U.C4uqa0p.778F1', 'liabaud_dylan', '3e3', 0),
(318, 0, '', '$1$k4i8pa2m$7ZMtK1xyqPe/OxqPROjmx/', 'libot_lucas', '6e3', 0),
(319, 0, '', '$1$k4i8pa2m$UEkdduUcjf8PK1quRRYF/0', 'libot_tristan', '4e5', 0),
(320, 0, '', '$1$k4i8pa2m$3yQZtvvMpx/C0FjA/l/uY.', 'loegel_chloe', '5e5', 0),
(321, 0, '', '$1$k4i8pa2m$f8zMXtnkcG.cZ9egn9i1A0', 'lorrain_natacha', '3e3', 0),
(322, 0, '', '$1$k4i8pa2m$0LUiATJ4xlVdDud4ZKL111', 'louis_marine', '3e4', 0),
(323, 0, '', '$1$k4i8pa2m$4Um9ThMWUqTHoYY1RoFKC.', 'loyer_pauline', '3e2', 0),
(324, 0, '', '$1$k4i8pa2m$jMxcmzLyb3KurTXkWRGMt1', 'ludmann_lucas', '6e3', 0),
(325, 0, '', '$1$k4i8pa2m$ftsfNoTwQ/qtg52qyJRyh.', 'ludmann_romain', '3e1', 0),
(326, 0, '', '$1$k4i8pa2m$Q.VHy/PrrYFeHxHTvwGWZ.', 'ludmann_solene', '4e5', 0),
(327, 0, '', '$1$k4i8pa2m$KPxQrsgy.C3lyGJradPRW.', 'madi_amelle', '4e2', 0),
(328, 0, '', '$1$k4i8pa2m$QE9Bj/SjHEdDn1zOl4Z6j0', 'madi_yassine', '5e3', 0),
(329, 0, '', '$1$k4i8pa2m$OlEj19cMiFHTY0O0CWyXB/', 'magra_laurine', '3e3', 0),
(330, 0, '', '$1$k4i8pa2m$Sa64SQqpVYVLWbXLfkdI2/', 'magra_quentin', '5e1', 0),
(331, 0, '', '$1$k4i8pa2m$NXPxvRxVpCYILh90k/YuI1', 'maino_matthias', '5e4', 0),
(332, 0, '', '$1$k4i8pa2m$9KEh9DDJLt2.hJxogFncl/', 'mangin_ghislain', '4e4', 0),
(333, 0, '', '$1$k4i8pa2m$5ZYLciCWctu2P7G1l8pjM/', 'manque_lea', '4e4', 0),
(334, 0, '', '$1$k4i8pa2m$OKxWtO1pkxSNhHJ.cn8K60', 'mansuy_herve', '6e4', 0),
(335, 0, '', '$1$k4i8pa2m$3ArNozfNKIDbZMO8HXZE1/', 'mansuy_juliette', '6e3', 0),
(336, 0, '', '$1$k4i8pa2m$StQVz8R6VRqUOCa9Va4RI0', 'mansuy_olivier', '5e5', 0),
(337, 0, '', '$1$k4i8pa2m$mv4Bk54sFuTh3O9f9jZpI/', 'mansuy_pauline', '4e2', 0),
(338, 0, '', '$1$k4i8pa2m$RwI/YNTibyKtBaV03PISj/', 'marande_cedric', '5e4', 0),
(339, 0, '', '$1$k4i8pa2m$25LJz0eAGU3q5867uwKoS.', 'marque_coralie', '6e3', 0),
(340, 0, '', '$1$k4i8pa2m$OBLzf1y1gflgcOp./fkPV0', 'martinez_charlotte', '4e1', 0),
(341, 0, '', '$1$k4i8pa2m$to1NN.Uv3AyTDXYbpU3aD/', 'marx_ninon', '3e2', 0),
(342, 0, '', '$1$k4i8pa2m$P26PZAdEw3xXlh72nyixk/', 'mater_hugo', '6e1', 0),
(343, 0, '', '$1$k4i8pa2m$rv47qGT37KHLN9S3kg9g8/', 'matheron_margot', '5e4', 0),
(344, 0, '', '$1$k4i8pa2m$Yt4FF.4vvWzclfaAEFOjI/', 'matz_emma', '3e2', 0),
(345, 0, '', '$1$k4i8pa2m$d4jdZXyr8j2Ls7.JjfvNV/', 'mauguin_alexandre', '3e1', 0),
(346, 0, '', '$1$k4i8pa2m$vPi6gF2CZzpk1EGDGh3oF0', 'maujean_lucas', '5e1', 0),
(347, 0, '', '$1$k4i8pa2m$7K7vTHnCJrRJh3bZuHg.U0', 'mehada_lucas', '4e3', 0),
(348, 0, '', '$1$k4i8pa2m$Qr3vujfcfsnnWWyH1y7y51', 'mehira_rayan', '6e2', 0),
(349, 0, '', '$1$k4i8pa2m$Xvpcqu3sDT/Gt/KpFLTaU0', 'meloni_alicia', '5e4', 0),
(350, 0, '', '$1$k4i8pa2m$CjSZF7Bgeuv4afAAiW50L0', 'meloni_loic', '4e2', 0),
(351, 0, '', '$1$k4i8pa2m$CTYHsYru1WtEew.93yjUh1', 'menager_camille', '6e1', 0),
(352, 0, '', '$1$k4i8pa2m$6OUoXZR5RU.oySXTH2ZfZ/', 'meniere_marie', '3e1', 0),
(353, 0, '', '$1$k4i8pa2m$XsbFmJWMXPynCTZyzdDDF.', 'meyer_alicia', '4e3', 0),
(354, 0, '', '$1$k4i8pa2m$No2/CGrdu2DMggg2RP/VE.', 'meyer_felix', '6e2', 0),
(356, 0, '', '$1$k4i8pa2m$2ZcI9Casasz/zGgGArIHD.', 'meyer_maureen', '3e2', 0),
(357, 0, '', '$1$k4i8pa2m$7EU6KTfyrd0L87KezBFvI.', 'mhadjiri_abdel_yassin', '5e5', 0),
(358, 0, '', '$1$k4i8pa2m$AlNbTeLHBmdrdAi6e6I0B/', 'mick_cassandra', '5e3', 0),
(359, 0, '', '$1$k4i8pa2m$jQNwUbbSZIlti.M1.j30y.', 'mick_ludovic', '3e1', 0),
(360, 0, '', '$1$k4i8pa2m$T/1lfBHL2EfunM.E6aF/50', 'milan_zoe', '6e3', 0),
(361, 0, '', '$1$k4i8pa2m$VVOaVSH66ppxexNnYYUB30', 'minouflet_pauline', '5e3', 0),
(362, 0, '', '$1$k4i8pa2m$W.JAPg.8Qs/skjnhGijeo/', 'mohaupt_gabrielle', '6e4', 0),
(363, 0, '', '$1$k4i8pa2m$odbfdC4Dh.0lShsrRJ1Fk1', 'molineris_theo', '6e1', 0),
(364, 0, '', '$1$k4i8pa2m$F1egH4fy8RqEiXB73u2HS.', 'monasse_ines', '5e4', 0),
(365, 0, '', '$1$k4i8pa2m$PdS9GPyt98rAD1o5VJEhB0', 'morance_morgane', '4e5', 0),
(366, 0, '', '$1$k4i8pa2m$bvaI3mV31cFYsmSho95630', 'mosa_hugo', '4e2', 0),
(367, 0, '', '$1$k4i8pa2m$.zRqtWf1IScXjilNR0MPN/', 'mosa_manon', '3e2', 0),
(368, 0, '', '$1$k4i8pa2m$AnBkQUDsWPY7yzhg1Fxue/', 'mouton_clara', '6e3', 0),
(369, 0, '', '$1$k4i8pa2m$3hKuDL7FoDkFIenL3VDsY0', 'muller_chloe', '5e4', 0),
(370, 0, '', '$1$k4i8pa2m$p0NdNGEMDaBPP6ReV9LPN.', 'muller_manon', '3e2', 0),
(371, 0, '', '$1$k4i8pa2m$UGODYUYmG8viE.J1UDkno1', 'muller_theo', '5e3', 0),
(372, 0, '', '$1$k4i8pa2m$uMlEdF3rI/.Ev7FDQ.RVb.', 'mutin_benoit', '5e3', 0),
(373, 0, '', '$1$k4i8pa2m$X8.uDAmORBLFaUBzCYCsN1', 'nesci_fanny', '6e5', 0),
(374, 0, '', '$1$k4i8pa2m$lsj3X./l8tjjS/5bODtdw0', 'niedzelski_kristen', '4e4', 0),
(375, 0, '', '$1$k4i8pa2m$kEF3otceON5qj7jNsKD.c/', 'niel_audrey', '5e3', 0),
(376, 0, '', '$1$k4i8pa2m$oUig72ptrdZwZrxlxXc5.1', 'niel_laura', '5e3', 0),
(377, 0, '', '$1$k4i8pa2m$RUjiLMvcsesmdzShIOA/M1', 'nisi_emmanuel', '3e2', 0),
(378, 0, '', '$1$k4i8pa2m$r0jnVShpxRyXcoFTQIEiH.', 'nonnenmacher_jean', '4e4', 0),
(379, 0, '', '$1$k4i8pa2m$GnfxeMSpJKa7QDZ/Xrf9N0', 'oddo_alexandre', '4e4', 0),
(380, 0, '', '$1$k4i8pa2m$yx7Ek.XwNmVDhrZqex1CW.', 'olmez_rodi', '3e3', 0),
(381, 0, '', '$1$k4i8pa2m$fmbrKCzimh8Ts/Z/EGKYJ1', 'osmani_muhamed', '6e5', 0),
(382, 0, '', '$1$k4i8pa2m$YxnBX8zFZfyYWjCzeAl5p0', 'osmani_ulmikusulma', '4e6', 0),
(383, 0, '', '$1$k4i8pa2m$0qQl5O00aJViINrtxvYXG0', 'oswald_alexis', '6e4', 0),
(384, 0, '', '$1$k4i8pa2m$aLKsV375kfwMtyVoi7eF51', 'ozturk_gamze', '3e2', 0),
(385, 0, '', '$1$k4i8pa2m$ADyvvojUTjCbFjbfmb.eF0', 'ozturk_selenay', '4e5', 0),
(386, 0, '', '$1$k4i8pa2m$20.Ypfh4lXDGic8KYWyxb1', 'palacio_marc', '3e3', 0),
(387, 0, '', '$1$k4i8pa2m$I0Ox7sq1xPTRelCtcY77j0', 'parisse_ilona', '6e2', 0),
(388, 0, '', '$1$k4i8pa2m$wXxXpKJ0PSUW2rCriJ9yN/', 'payot_alexis', '3e4', 0),
(389, 0, '', '$1$k4i8pa2m$vbF.oln92m0C8iq6Lnslm0', 'peron_oceane', '6e4', 0),
(390, 0, '', '$1$k4i8pa2m$isT79dy6BJXDj8jCtIpC81', 'petitpez_tristan', '4e6', 0),
(391, 0, '', '$1$k4i8pa2m$tbeNJL0uNoCUgKCrHKjfu/', 'petry_alexis', '3e1', 0),
(392, 0, '', '$1$k4i8pa2m$fCjkufOPX72zev7PUfAB50', 'peyreron_jarod', '4e3', 0),
(393, 0, '', '$1$k4i8pa2m$ac9N9puK6Kjc/Zerw5u4q/', 'pichon_arnaud', '4e5', 0),
(394, 0, '', '$1$k4i8pa2m$UiGmqCn5o8gEql.JDGRRb0', 'pierron_tristan', '6e4', 0),
(395, 0, '', '$1$k4i8pa2m$JfbrP0kk72nwHG.UyZsX81', 'pilmes_theo', '4e4', 0),
(396, 0, '', '$1$k4i8pa2m$KXsNbI7lrfov2thD08t.h/', 'pino_pantaleao_dylan', '6e3', 0),
(397, 0, '', '$1$k4i8pa2m$.2voux1kVFOaY4JI3PiOx1', 'pitz_hugo', '3e4', 0),
(398, 0, '', '$1$k4i8pa2m$jXiQFeXxRgvD9xkY0q/hu1', 'pleszak_coralie', '4e6', 0),
(399, 0, '', '$1$k4i8pa2m$VeJi4hZPXt0zrM1TYnFNe0', 'poinsignon_florian', '5e1', 0),
(400, 0, '', '$1$k4i8pa2m$WXZ7RQgmnim9O2pYLq2S30', 'poivey_solene', '3e4', 0),
(401, 0, '', '$1$k4i8pa2m$DsMAh0unX.JoIE2K.uH7Y.', 'porta_hugo', '3e1', 0),
(402, 0, '', '$1$k4i8pa2m$lVbOT8nUh7wEvSgcRC25/0', 'prunier_oceane', '3e1', 0),
(403, 0, '', '$1$k4i8pa2m$uKdR9VmyoXoM5zL3LGwHA/', 'prunier_solene', '6e1', 0),
(404, 0, '', '$1$k4i8pa2m$qgYOaMzAsQ2JpBfMiTCz11', 'raimond_corentin', '6e1', 0),
(405, 0, '', '$1$k4i8pa2m$mt6Jiim5yuekyWOXYP/nk/', 'regnard_axelle', '4e2', 0),
(406, 0, '', '$1$k4i8pa2m$xCYMQyi1datIqc9t4GG8D1', 'remy_fanny', '6e1', 0),
(407, 0, '', '$1$k4i8pa2m$syydrad34Z01j63vrGVwq0', 'remy_jules', '3e3', 0),
(408, 0, '', '$1$k4i8pa2m$L7sK8kk9Ewb.L4gBmf7161', 'reuter_vanessa', '4e3', 0),
(409, 0, '', '$1$k4i8pa2m$.0nwm9TAcyrgDHqyVmlb41', 'reydel_theo', '3e4', 0),
(410, 0, '', '$1$k4i8pa2m$7ahclNn4RmsdCIYHTAr6B.', 'ribouchon_cassandra', '5e4', 0),
(411, 0, '', '$1$k4i8pa2m$1/kWjhCIbrGJfZXgxXs0B.', 'riboulot_dylan', '3e1', 0),
(412, 0, '', '$1$k4i8pa2m$iRUczaQF/Q.x/q1eKItMz1', 'riff_william', '6e3', 0),
(413, 0, '', '$1$k4i8pa2m$SnJ6EOHFL08C.sRBtQMtU1', 'rohrbacher_marie', '4e5', 0),
(414, 0, '', '$1$k4i8pa2m$/cf09SZKi7uUVSWAUJE5h0', 'romano_valentin', '5e4', 0),
(415, 0, '', '$1$k4i8pa2m$ArWiGEL2VJ5GSg5f1TKO81', 'rosenberger_valentin', '5e4', 0),
(416, 0, '', '$1$k4i8pa2m$JXVaaVN5e42s8bPsPHfop/', 'rostoucher_lucas', '6e4', 0),
(417, 0, '', '$1$k4i8pa2m$4F4rDiOGsx/pLqvmbP5lM0', 'ruellet_matteo', '4e5', 0),
(418, 0, '', '$1$k4i8pa2m$ZFjKCFTku8O5CQQwuP6AE0', 'sadler_leo', '5e4', 0),
(419, 0, '', '$1$k4i8pa2m$1Oo1NyBPs1HF1/hAmd/Cm.', 'saintpierre_lea', '3e4', 0),
(420, 0, '', '$1$k4i8pa2m$nh1h0D7Rh9OE2LfX8UNhe/', 'saintpierre_nathan', '6e1', 0),
(421, 0, '', '$1$k4i8pa2m$ZnVR9ESSCHg0ZwcqDU06e/', 'sander_nicolas', '5e3', 0),
(422, 0, '', '$1$k4i8pa2m$GmSAUy5dWt3G9SyiYRGC81', 'santarini_alix', '6e2', 0),
(423, 0, '', '$1$k4i8pa2m$SB/L1lucfm0DC2H7gwBZS/', 'sapkur_mehson', '5e3', 0),
(424, 0, '', '$1$k4i8pa2m$ajmcIuTY2PwAP8k7IqzD40', 'satos_valentin', '3e5', 0),
(425, 0, '', '$1$k4i8pa2m$FFae.DBo5pn5sVIcmJejM/', 'savard_vincent', '4e1', 0),
(426, 0, '', '$1$k4i8pa2m$dulT04L8cEPHj6bFIzJ1X/', 'schaeffer_gael', '4e1', 0),
(427, 0, '', '$1$k4i8pa2m$APZFdSi/1OKQ/4RlNPv4N0', 'schmitt_alara', '6e3', 0),
(428, 0, '', '$1$k4i8pa2m$DfydfekTcuLNxpBALNvnr0', 'schmitt_elisa', '5e3', 0),
(429, 0, '', '$1$k4i8pa2m$y3AckPyj0cUkj7fL.isug0', 'schneider_louis', '3e1', 0),
(430, 0, '', '$1$k4i8pa2m$h/pnW5fcXoAQcgkbkpSa71', 'schorsch_carolayn', '3e1', 0),
(431, 0, '', '$1$k4i8pa2m$MIYwQbiO9ULKkGAJbe6qH0', 'schorsch_noah', '6e1', 0),
(432, 0, '', '$1$k4i8pa2m$GSIWGiJq3NSf7YAH37anL.', 'schreiner_noemie', '3e3', 0),
(433, 0, '', '$1$k4i8pa2m$xI7qYXHYm61TsZJ12KNpX0', 'schroeder_thomas', '6e3', 0),
(434, 0, '', '$1$k4i8pa2m$y7iv.rYeY9qptTg6cQhHE0', 'segheir_imen', '5e1', 0),
(435, 0, '', '$1$k4i8pa2m$wo4fhpvhuQbquxZfsmYFi1', 'semmelbeck_jean', '4e2', 0),
(436, 0, '', '$1$k4i8pa2m$zhjv/S4DNJa.2wBmWN/TY0', 'serra_louka', '5e3', 0),
(437, 0, '', '$1$k4i8pa2m$wmCAirEI.MIdovW.D23hW0', 'sevrez_alexis', '4e3', 0),
(438, 0, '', '$1$k4i8pa2m$Mf9D/dYOSW465D.cbicqg.', 'siebert_maxime', '3e2', 0),
(439, 0, '', '$1$k4i8pa2m$d5kqDDG0K/ALIS7PSCm3W/', 'simon_ines', '6e3', 0),
(440, 0, '', '$1$k4i8pa2m$gpguWbf8hzkJm/mnPzBFr/', 'simon_remi', '3e1', 0),
(441, 0, '', '$1$k4i8pa2m$kty5q5m5d60wYJNgIcUXk1', 'simonet_emmanuel', '3e1', 0),
(442, 0, '', '$1$k4i8pa2m$g4eUJvLHhOPWpt6TMAZhn.', 'simonet_jose', '5e1', 0),
(443, 0, '', '$1$k4i8pa2m$F5lcAOmDkyiXnUZrjfM330', 'simsek_selin', '4e1', 0),
(444, 0, '', '$1$k4i8pa2m$z.5eRcO43wyEj5.ytlXcF/', 'singer_leonie', '5e1', 0),
(445, 0, '', '$1$k4i8pa2m$JyJ0zjDBrAVs62hWwBlhY/', 'spannagel_alexandre', '5e2', 0),
(446, 0, '', '$1$k4i8pa2m$z5x5ShxtEcgUdDgfk7dp90', 'spannagel_florian', '5e2', 0),
(447, 0, '', '$1$k4i8pa2m$ydKUjFeiHcgoZm6.kGwKR0', 'spath_theo', '3e1', 0),
(448, 0, '', '$1$k4i8pa2m$FiHXuTD4EShVzwaeWusRg.', 'steffes_jarod', '4e4', 0),
(449, 0, '', '$1$k4i8pa2m$a8Uew0wNFHc0V2x2Mz3jE1', 'steiner_clara', '5e2', 0),
(450, 0, '', '$1$k4i8pa2m$L1rX0GOxrk90DW.EU3gL71', 'stern_florian', '4e6', 0),
(451, 0, '', '$1$k4i8pa2m$DeskqVrMcMNIjTMMJxjOU.', 'streiff_eddy', '3e2', 0),
(452, 0, '', '$1$k4i8pa2m$/4cWCjx4L5DjBZ8Vqsmy2/', 'stuber_benoit', '4e3', 0),
(453, 0, '', '$1$k4i8pa2m$wAkIAtreA5TZuD2MZZfGd.', 'stuber_maelle', '5e4', 0),
(454, 0, '', '$1$k4i8pa2m$oMlgFBEPxheR1tgSOPIOj/', 'tallarico_joseph', '3e1', 0),
(455, 0, '', '$1$k4i8pa2m$1ab8AnCddT/VW6Hhkr.xD0', 'tallarico_samantha', '5e2', 0),
(456, 0, '', '$1$k4i8pa2m$QCaFVzoRRUf.v0kb1ubBT/', 'tasim_mikail', '3e3', 0),
(457, 0, '', '$1$k4i8pa2m$pjwcLMRLvICTVrnmEEdhn1', 'tassotto_aurore', '6e1', 0),
(458, 0, '', '$1$k4i8pa2m$zVuXqILfpU1TLB1DkrV4P.', 'tavares_da_silva_noah', '6e2', 0),
(459, 0, '', '$1$k4i8pa2m$/27Ftttilff7gKbahuLIr1', 'thielen_axel', '3e4', 0),
(460, 0, '', '$1$k4i8pa2m$mw7wWFgao16knD1m/adM9.', 'thil_claire', '3e4', 0),
(461, 0, '', '$1$k4i8pa2m$jFv1Nn4WD/2kpLo56qdM10', 'urban_kassandra', '6e2', 0),
(462, 0, '', '$1$k4i8pa2m$Uv9Yl5Hcq3Tq8kr6tPR.v/', 'urbanski_thomas', '5e1', 0),
(463, 0, '', '$1$k4i8pa2m$DiYOO5MHoqgiqpNDcs9q..', 'vagne_nicolas', '5e2', 0),
(464, 0, '', '$1$k4i8pa2m$eSWPON4XAwrjxTNTELI491', 'vagne_tristan', '3e3', 0),
(465, 0, '', '$1$k4i8pa2m$rYFdYYyGSKv2DtvC5mhnA/', 'vallet_marie', '3e4', 0),
(466, 0, '', '$1$k4i8pa2m$1c/PF2OcdzIzmsMuZ4mNn/', 'villena_aurelia', '4e6', 0),
(467, 0, '', '$1$k4i8pa2m$ovdlQUukQ3cw3gL6Q0h7z.', 'vington_lucas', '6e3', 0),
(468, 0, '', '$1$k4i8pa2m$Z3BKh8sMJXRlyMqN0EgM90', 'vogel_clara', '4e1', 0),
(469, 0, '', '$1$k4i8pa2m$z6hGGkwbUef4Veh3QLBX80', 'voigt_johanna', '4e5', 0),
(470, 0, '', '$1$k4i8pa2m$5fbWWN7Q50YXLFnFtVhb91', 'walquan_elisa', '4e4', 0),
(471, 0, '', '$1$k4i8pa2m$0yQu50Q83tUFg0tVu2.yy1', 'walter_olivia', '6e3', 0),
(472, 0, '', '$1$k4i8pa2m$v5MUM8i6B9Yld0r62cPht0', 'walter_romain', '5e3', 0),
(473, 0, '', '$1$k4i8pa2m$SCx.0LEwFdcAt5oliwnYi1', 'wazner_maxime', '4e2', 0),
(474, 0, '', '$1$k4i8pa2m$P1ZfSXHBmdkIRDqzNANm20', 'weber_florent', '5e4', 0),
(475, 0, '', '$1$k4i8pa2m$3Aa7NDs4eNwR9DfJY.1tR0', 'weber_yannis', '4e1', 0),
(476, 0, '', '$1$k4i8pa2m$hGPDhIkHzTINhwCZrnPsI.', 'wecker_emilie', '4e3', 0),
(477, 0, '', '$1$k4i8pa2m$qtq77hTewnPBn8Y8Psqd3.', 'weiss_lucas', '6e3', 0),
(478, 0, '', '$1$k4i8pa2m$cq.sgiqrsRiyvLhJwJwa01', 'weiss_theo', '6e5', 0),
(479, 0, '', '$1$k4i8pa2m$a24NQw29QPuCcEmOArxd3.', 'weissbeck_laura', '6e5', 0),
(480, 0, '', '$1$k4i8pa2m$9JtlLOOpFDucUODRsPz3V.', 'weisse_lucas', '5e2', 0),
(481, 0, '', '$1$k4i8pa2m$j4JDAeDyEZdcHIzFVp7ou0', 'wilhelm_camille', '4e2', 0),
(482, 0, '', '$1$k4i8pa2m$iwOMxn9on0nlkyHaBkeUj0', 'wollbrett_meline', '5e2', 0),
(483, 0, '', '$1$k4i8pa2m$GwNozBfLFdT9vSx/vn0hJ0', 'woop_laura', '4e4', 0),
(484, 0, '', '$1$k4i8pa2m$tGw3SqeWEZNziX.v2fcHq/', 'woop_maxime', '3e5', 0),
(485, 0, '', '$1$k4i8pa2m$CAl3JLsCOeWtdiPF3uuim0', 'yaprak_taylan', '4e3', 0),
(486, 0, '', '$1$k4i8pa2m$O8Dt71pwBUxaFf6yU5U8J/', 'yasar_chimene', '6e1', 0),
(487, 0, '', '$1$k4i8pa2m$k8io9oTh.IecJy1F0pgBt1', 'yusupov_richat', '4e5', 0),
(488, 0, '', '$1$k4i8pa2m$YdI8eqiKtPV.tKmUZes5./', 'zelinski_frederick', '5e1', 0),
(489, 0, '', '$1$k4i8pa2m$qaj15yY/AS8dndL.MOVYD0', 'zidane_lina', '4e1', 0),
(490, 0, '', '$1$k4i8pa2m$CF0I1LUnOoKZc5HBNYAzs0', 'zieger_clement', '3e4', 0),
(491, 0, '', '$1$k4i8pa2m$ZEeawOFRO57Z1BgFTKkgq/', 'zimmermann_boris', '3e2', 0),
(492, 0, '', '$1$k4i8pa2m$6vAkKE3bnuFxXjo3ddvjO0', 'zimmermann_lisa', '6e3', 0),
(493, 0, '', '$1$k4i8pa2m$5DYKvkAOGFED7ZUwtcFFR/', 'manguin_sara', '5e4', 0),
(494, 0, '', '$1$k4i8pa2m$XHJS525prMiKTFrKUKGsm1', 'perseguers_guilhem', '6e3', 0),
(495, 0, '', '$1$k4i8pa2m$342NNLjk57duzK0pQyt82/', 'delattre_nicolas', '6e4', 0),
(496, 0, '', '$1$k4i8pa2m$erZl8N5s5CqZBcMeQZIRx1', 'delattre_marie_astrid', '4e6', 0);

/*!40101 SET CHARACTER_SET_CLIENT=@OLD_CHARACTER_SET_CLIENT */;
/*!40101 SET CHARACTER_SET_RESULTS=@OLD_CHARACTER_SET_RESULTS */;
/*!40101 SET COLLATION_CONNECTION=@OLD_COLLATION_CONNECTION */;
